ProjectHasId;-1;1;name=this
ProjectHasFile;1;2;basePath=/Users/msv/Documents/Research/code_analysis/,name=codeext.cc
ProjectHasFile;1;3;basePath=/Users/msv/Documents/Research/code_analysis/,name=basicnodetypes.hh
ProjectHasFile;1;4;basePath=/Users/msv/Documents/Research/code_analysis/,name=nodetypes.hh
ProjectHasFile;1;5;basePath=/Users/msv/Documents/Research/code_analysis/,name=componentmaker.hh
ProjectHasFile;1;6;basePath=/Users/msv/Documents/Research/code_analysis/,name=config.hh
ProjectHasFile;1;7;basePath=/Users/msv/Documents/Research/code_analysis/,name=csvfile.hh
ProjectHasFile;1;8;basePath=/Users/msv/Documents/Research/code_analysis/,name=debug.hh
ProjectHasFile;1;9;basePath=/Users/msv/Documents/Research/code_analysis/,name=extractor.hh
ProjectHasFile;1;10;basePath=/Users/msv/Documents/Research/code_analysis/,name=functioncallparser.hh
ProjectHasFile;1;11;basePath=/Users/msv/Documents/Research/code_analysis/,name=functionsizeparser.hh
ProjectHasFile;1;12;basePath=/Users/msv/Documents/Research/code_analysis/,name=gvaccessparser.hh
ProjectHasFile;1;13;basePath=/Users/msv/Documents/Research/code_analysis/,name=loopdepthparser.hh
ProjectHasFile;1;14;basePath=/Users/msv/Documents/Research/code_analysis/,name=model.hh
ProjectHasFile;1;15;basePath=/Users/msv/Documents/Research/code_analysis/,name=parser.hh
ProjectHasFile;1;16;basePath=/Users/msv/Documents/Research/code_analysis/,name=stringstuff.hh
ProjectHasFile;1;17;basePath=/Users/msv/Documents/Research/code_analysis/,name=componentmaker.cc
ProjectHasFile;1;18;basePath=/Users/msv/Documents/Research/code_analysis/,name=config.cc
ProjectHasFile;1;19;basePath=/Users/msv/Documents/Research/code_analysis/,name=csvfile.cc
ProjectHasFile;1;20;basePath=/Users/msv/Documents/Research/code_analysis/,name=debug.cc
ProjectHasFile;1;21;basePath=/Users/msv/Documents/Research/code_analysis/,name=extractor.cc
ProjectHasFile;1;22;basePath=/Users/msv/Documents/Research/code_analysis/,name=functioncallparser.cc
ProjectHasFile;1;23;basePath=/Users/msv/Documents/Research/code_analysis/,name=functionsizeparser.cc
ProjectHasFile;1;24;basePath=/Users/msv/Documents/Research/code_analysis/,name=gvaccessparser.cc
ProjectHasFile;1;25;basePath=/Users/msv/Documents/Research/code_analysis/,name=loopdepthparser.cc
ProjectHasFile;1;26;basePath=/Users/msv/Documents/Research/code_analysis/,name=model.cc
ProjectHasFile;1;27;basePath=/Users/msv/Documents/Research/code_analysis/,name=parser.cc
ProjectHasFile;1;28;basePath=/Users/msv/Documents/Research/code_analysis/,name=stringstuff.cc
FileDeclaresClass;5;73;name=ComponentMaker
ClassContainsMethod;77;79;class=ComponentNode,name=ComponentNode,size=0
ClassInheritsClass;84;126;baseClass=ModelNode,name=ComponentCallNode
FileDeclaresClass;5;80;name=ComponentContainsNode
ClassInheritsClass;80;126;baseClass=ModelNode,name=ComponentContainsNode
ClassContainsMethod;84;86;class=ComponentCallNode,name=ComponentCallNode,size=0
ClassContainsMethod;84;87;class=ComponentCallNode,name=setId,size=0
FileDeclaresClass;5;84;name=ComponentCallNode
ClassContainsAttribute;73;76;class=ComponentMaker,name=myConfigPtr
FileDeclaresClass;8;96;name=Debug
ClassContainsMethod;73;74;class=ComponentMaker,name=ComponentMaker,size=0
ClassContainsAttribute;73;75;class=ComponentMaker,name=myModelPtr
ClassContainsMethod;80;82;class=ComponentContainsNode,name=ComponentContainsNode,size=0
ClassContainsMethod;80;83;class=ComponentContainsNode,name=setId,size=0
FileDeclaresClass;5;77;name=ComponentNode
ClassInheritsClass;77;126;baseClass=ModelNode,name=ComponentNode
ClassContainsMethod;73;156;class=ComponentMaker,name=getOutDegrees,size=2
ClassContainsMethod;107;185;class=FunctionCallParser,name=parse,size=7
ClassContainsMethod;107;184;class=FunctionCallParser,name=endFunction,size=6
ClassContainsAttribute;145;149;class=Parser,name=myCompoundDepth
ClassContainsAttribute;145;148;class=Parser,name=myCSEnds
ClassContainsMethod;140;141;class=ParserData,name=getNode,size=0
ClassContainsAttribute;140;142;class=ParserData,name=myNode
ClassContainsAttribute;140;143;class=ParserData,name=myFilename
ClassContainsAttribute;140;144;class=ParserData,name=data
FileDeclaresClass;15;145;name=Parser
ClassContainsMethod;73;155;class=ComponentMaker,name=getInDegrees,size=2
ClassContainsMethod;73;152;class=ComponentMaker,name=start,size=3
ClassContainsMethod;73;154;class=ComponentMaker,name=gatherNodeChains,size=11
ClassContainsMethod;73;153;class=ComponentMaker,name=distanceMatrix,size=0
ClassContainsMethod;150;151;class=StringStuff,name=StringStuff,size=0
FileDeclaresClass;16;150;name=StringStuff
ClassContainsAttribute;125;136;class=Model,name=myConfig
FileDeclaresClass;15;140;name=ParserData
ClassContainsAttribute;125;138;class=Model,name=myCounter
ClassContainsAttribute;126;130;class=ModelNode,name=args
ClassContainsAttribute;145;147;class=Parser,name=myModelPtr
ClassContainsMethod;145;146;class=Parser,name=Parser,size=0
ClassContainsAttribute;126;129;class=ModelNode,name=target
FileDeclaresClass;15;139;name=Extractor
FileDeclaresClass;14;125;name=Model
ClassInheritsClass;123;145;baseClass=Parser,name=LoopdepthParser
FileDeclaresClass;10;103;name=CallNode
ClassContainsMethod;118;120;class=GVAccessParser,name=GVAccessParser,size=0
ClassContainsAttribute;118;122;class=GVAccessParser,name=myUsages
FileDeclaresClass;13;123;name=LoopdepthParser
ClassContainsMethod;126;133;class=ModelNode,name=getCursor,size=0
ClassContainsAttribute;125;137;class=Model,name=myNodes
FileDeclaresClass;12;118;name=GVAccessParser
FileDeclaresClass;14;135;name=Model
ClassContainsAttribute;126;134;class=ModelNode,name=myCursor
ClassContainsAttribute;97;102;class=Extractor,name=myParserData
ClassContainsMethod;103;106;class=CallNode,name=setId,size=0
FileDeclaresClass;10;107;name=FunctionCallParser
ClassInheritsClass;107;145;baseClass=Parser,name=FunctionCallParser
ClassContainsMethod;107;109;class=FunctionCallParser,name=FunctionCallParser,size=0
ClassInheritsClass;118;145;baseClass=Parser,name=GVAccessParser
ClassContainsAttribute;118;121;class=GVAccessParser,name=myVariables
ClassContainsAttribute;107;110;class=FunctionCallParser,name=myCalls
FileDeclaresClass;12;114;name=GlobalVariableAccessNode
ClassContainsMethod;126;132;class=ModelNode,name=findMissing,size=0
ClassContainsMethod;126;131;class=ModelNode,name=setId,size=0
FileDeclaresClass;9;97;name=Extractor
ClassContainsMethod;97;98;class=Extractor,name=Extractor,size=0
ClassContainsAttribute;97;100;class=Extractor,name=myConfig
FileDeclaresClass;14;126;name=ModelNode
ClassContainsAttribute;126;128;class=ModelNode,name=source
ClassContainsAttribute;126;127;class=ModelNode,name=type
ClassContainsAttribute;97;99;class=Extractor,name=myModelPtr
ClassInheritsClass;114;126;baseClass=ModelNode,name=GlobalVariableAccessNode
ClassContainsMethod;114;117;class=GlobalVariableAccessNode,name=setId,size=0
ClassContainsMethod;114;116;class=GlobalVariableAccessNode,name=GlobalVariableAccessNode,size=0
ClassInheritsClass;103;126;baseClass=ModelNode,name=CallNode
ClassContainsMethod;103;105;class=CallNode,name=CallNode,size=0
FileDeclaresClass;12;113;name=VarDecl
ClassContainsAttribute;97;101;class=Extractor,name=myParsers
FileDeclaresFunction;2;29;name=addBasics,size=2
FileDeclaresFunction;2;30;name=addDeclarations,size=1
FileDeclaresFunction;2;31;name=secondPass,size=3
FileDeclaresFunction;2;32;name=startParsing,size=2
FileDeclaresFunction;2;33;name=main,size=2
ClassContainsMethod;96;175;class=Debug,name=print,size=0
FileDeclaresClass;3;34;name=ProjectNode
ClassInheritsClass;34;126;baseClass=ModelNode,name=ProjectNode
ClassContainsMethod;34;36;class=ProjectNode,name=ProjectNode,size=0
FileDeclaresClass;3;37;name=FileNode
ClassInheritsClass;37;126;baseClass=ModelNode,name=FileNode
ClassContainsMethod;37;39;class=FileNode,name=FileNode,size=0
FileDeclaresClass;3;40;name=FunctionNode
ClassInheritsClass;40;126;baseClass=ModelNode,name=FunctionNode
FileDeclaresClass;3;43;name=VariableNode
ClassInheritsClass;43;126;baseClass=ModelNode,name=VariableNode
FileDeclaresClass;3;46;name=ClassNode
ClassContainsMethod;40;42;class=FunctionNode,name=FunctionNode,size=0
ClassInheritsClass;46;126;baseClass=ModelNode,name=ClassNode
FileDeclaresClass;3;49;name=InheritanceNode
ClassContainsMethod;43;45;class=VariableNode,name=VariableNode,size=0
ClassInheritsClass;49;126;baseClass=ModelNode,name=InheritanceNode
FileDeclaresClass;3;53;name=MethodNode
ClassInheritsClass;53;126;baseClass=ModelNode,name=MethodNode
ClassContainsMethod;49;51;class=InheritanceNode,name=InheritanceNode,size=0
ClassContainsMethod;46;48;class=ClassNode,name=ClassNode,size=0
ClassInheritsClass;56;126;baseClass=ModelNode,name=AttributeNode
FileDeclaresClass;3;56;name=AttributeNode
ClassContainsMethod;49;52;class=InheritanceNode,name=setId,size=0
ClassContainsMethod;53;55;class=MethodNode,name=MethodNode,size=0
ClassContainsMethod;56;58;class=AttributeNode,name=AttributeNode,size=0
ClassContainsMethod;43;63;class=VariableNode,name=t,size=0
ClassContainsAttribute;91;94;class=CSVFile,name=myFile
ClassContainsMethod;80;71;class=ComponentContainsNode,name=t,size=0
FileDeclaresClass;6;88;name=Config
ClassContainsMethod;126;59;class=ModelNode,name=t,size=0
ClassContainsMethod;40;62;class=FunctionNode,name=t,size=0
ClassContainsMethod;91;166;class=CSVFile,name=CSVFile,size=0
FileDeclaresClass;11;111;name=FunctionSizeParser
ClassContainsMethod;37;61;class=FileNode,name=t,size=0
ClassContainsMethod;46;64;class=ClassNode,name=t,size=0
ClassContainsMethod;49;65;class=InheritanceNode,name=t,size=0
ClassContainsMethod;56;67;class=AttributeNode,name=t,size=0
ClassContainsMethod;53;66;class=MethodNode,name=t,size=0
FileDeclaresClass;7;91;name=CSVFile
ClassContainsMethod;91;92;class=CSVFile,name=sep,size=0
ClassContainsMethod;88;160;class=Config,name=get,size=0
ClassContainsMethod;103;68;class=CallNode,name=t,size=0
ClassContainsMethod;114;69;class=GlobalVariableAccessNode,name=t,size=0
ClassContainsMethod;34;60;class=ProjectNode,name=t,size=0
ClassContainsMethod;77;70;class=ComponentNode,name=t,size=0
ClassContainsAttribute;88;90;class=Config,name=myFiles
ClassContainsAttribute;88;89;class=Config,name=myValues
ClassContainsAttribute;91;95;class=CSVFile,name=myFileName
ClassContainsMethod;84;72;class=ComponentCallNode,name=t,size=0
ClassContainsMethod;91;93;class=CSVFile,name=subsep,size=0
ClassInheritsClass;111;145;baseClass=Parser,name=FunctionSizeParser
ClassContainsMethod;88;165;class=Config,name=debugPrint,size=3
ClassContainsMethod;88;162;class=Config,name=getList,size=2
ClassContainsMethod;88;161;class=Config,name=getInt,size=1
ClassContainsMethod;88;158;class=Config,name=Config,size=1
ClassContainsMethod;88;163;class=Config,name=parseArgs,size=3
ClassContainsMethod;91;167;class=CSVFile,name=~CSVFile,size=0
FunctionCallsFunction;185;-1;count=1,maxLoopDepth=0,target=clang_getCursorSemanticParent
FunctionCallsFunction;185;-1;count=1,maxLoopDepth=0,target=clang_getCursorReferenced
FunctionCallsFunction;185;205;count=2,maxLoopDepth=0,target=getNodes
FunctionCallsFunction;185;-1;count=1,maxLoopDepth=0,target=operator+
FunctionCallsFunction;185;-1;count=1,maxLoopDepth=0,target=operator+
FunctionCallsFunction;185;-1;count=1,maxLoopDepth=0,target="operator=="
FunctionCallsFunction;185;208;count=2,maxLoopDepth=0,target=filterByType
FunctionCallsFunction;185;209;count=3,maxLoopDepth=0,target=filterByArg
FunctionCallsFunction;185;-1;count=1,maxLoopDepth=0,target=size
FunctionCallsFunction;185;-1;count=1,maxLoopDepth=0,target=operator*
FunctionCallsFunction;185;-1;count=1,maxLoopDepth=0,target=begin
FunctionCallsFunction;185;-1;count=1,maxLoopDepth=0,target=operator+
FunctionCallsFunction;185;66;count=1,maxLoopDepth=0,target=t
FunctionCallsFunction;185;-1;count=1,maxLoopDepth=0,target=basic_string
FunctionCallsFunction;185;-1;count=1,maxLoopDepth=0,target=operator*
FunctionCallsFunction;185;-1;count=1,maxLoopDepth=0,target=begin
FunctionCallsFunction;185;105;count=1,maxLoopDepth=0,target=CallNode
FunctionCallsFunction;185;-1;count=1,maxLoopDepth=0,target=basic_stringstream
FunctionCallsFunction;185;-1;count=1,maxLoopDepth=0,target=operator<<
FunctionCallsFunction;185;217;count=2,maxLoopDepth=0,target=setArg
FunctionCallsFunction;185;-1;count=1,maxLoopDepth=0,target=str
FunctionCallsFunction;185;-1;count=1,maxLoopDepth=0,target=basic_string
FunctionCallsFunction;185;-1;count=1,maxLoopDepth=0,target=str
FunctionCallsFunction;185;-1;count=1,maxLoopDepth=0,target=basic_string
FunctionCallsFunction;185;62;count=1,maxLoopDepth=0,target=t
FunctionCallsFunction;185;-1;count=1,maxLoopDepth=0,target=basic_string
FunctionCallsFunction;185;-1;count=1,maxLoopDepth=0,target=size
FunctionCallsFunction;185;141;count=1,maxLoopDepth=0,target=getNode
FunctionCallsFunction;185;-1;count=1,maxLoopDepth=0,target=basic_string
FunctionCallsFunction;185;229;count=1,maxLoopDepth=0,target=get
FunctionCallsFunction;185;-1;count=1,maxLoopDepth=0,target=basic_string
FunctionCallsFunction;185;-1;count=1,maxLoopDepth=0,target=operator<<
FunctionCallsFunction;185;-1;count=1,maxLoopDepth=0,target=basic_string
FunctionCallsFunction;185;-1;count=1,maxLoopDepth=0,target=str
FunctionCallsFunction;185;-1;count=1,maxLoopDepth=0,target=operator+
FunctionCallsFunction;185;215;count=1,maxLoopDepth=0,target=toString
FunctionCallsFunction;185;-1;count=1,maxLoopDepth=0,target=push_back
FunctionCallsFunction;184;-1;count=1,maxLoopDepth=1,target="operator!="
FunctionCallsFunction;184;-1;count=1,maxLoopDepth=1,target=end
FunctionCallsFunction;184;220;count=1,maxLoopDepth=0,target=endFunction
FunctionCallsFunction;184;-1;count=1,maxLoopDepth=1,target=begin
FunctionCallsFunction;184;-1;count=1,maxLoopDepth=1,target=operator++
FunctionCallsFunction;184;-1;count=1,maxLoopDepth=1,target=operator*
FunctionCallsFunction;184;-1;count=1,maxLoopDepth=2,target=__normal_iterator
FunctionCallsFunction;184;-1;count=1,maxLoopDepth=2,target="operator!="
FunctionCallsFunction;184;-1;count=1,maxLoopDepth=2,target=end
FunctionCallsFunction;184;-1;count=1,maxLoopDepth=2,target=operator*
FunctionCallsFunction;184;216;count=3,maxLoopDepth=2,target=getArg
FunctionCallsFunction;184;-1;count=1,maxLoopDepth=2,target=basic_string
FunctionCallsFunction;184;-1;count=1,maxLoopDepth=2,target=atoi
FunctionCallsFunction;184;-1;count=1,maxLoopDepth=2,target=c_str
FunctionCallsFunction;184;-1;count=1,maxLoopDepth=2,target=basic_stringstream
FunctionCallsFunction;184;-1;count=1,maxLoopDepth=2,target=operator<<
FunctionCallsFunction;184;217;count=2,maxLoopDepth=2,target=setArg
FunctionCallsFunction;184;-1;count=1,maxLoopDepth=2,target=basic_string
FunctionCallsFunction;184;-1;count=1,maxLoopDepth=2,target=str
FunctionCallsFunction;184;-1;count=1,maxLoopDepth=2,target="operator="
FunctionCallsFunction;184;-1;count=1,maxLoopDepth=2,target=basic_string
FunctionCallsFunction;184;-1;count=1,maxLoopDepth=2,target=atoi
FunctionCallsFunction;184;-1;count=1,maxLoopDepth=2,target=c_str
FunctionCallsFunction;184;-1;count=1,maxLoopDepth=2,target="operator="
FunctionCallsFunction;184;-1;count=1,maxLoopDepth=2,target=basic_string
FunctionCallsFunction;184;-1;count=1,maxLoopDepth=2,target=atoi
FunctionCallsFunction;184;-1;count=1,maxLoopDepth=2,target=erase
FunctionCallsFunction;184;-1;count=1,maxLoopDepth=2,target=operator++
FunctionCallsFunction;184;-1;count=1,maxLoopDepth=2,target=c_str
FunctionCallsFunction;184;-1;count=1,maxLoopDepth=2,target=basic_string
FunctionCallsFunction;184;-1;count=1,maxLoopDepth=2,target=__normal_iterator
FunctionCallsFunction;184;-1;count=1,maxLoopDepth=1,target=begin
FunctionCallsFunction;184;-1;count=1,maxLoopDepth=1,target="operator!="
FunctionCallsFunction;184;-1;count=1,maxLoopDepth=1,target=end
FunctionCallsFunction;184;-1;count=1,maxLoopDepth=1,target=operator++
FunctionCallsFunction;184;204;count=1,maxLoopDepth=1,target=add
FunctionCallsFunction;184;-1;count=1,maxLoopDepth=1,target=operator*
FunctionCallsFunction;155;-1;count=1,target=begin
FunctionCallsFunction;155;-1;count=1,target="operator!="
FunctionCallsFunction;155;-1;count=1,target=end
FunctionCallsFunction;155;-1;count=1,target=operator++
FunctionCallsFunction;155;-1;count=1,target=operator*
FunctionCallsFunction;152;-1;count=1,maxLoopDepth=0,target=vector
FunctionCallsFunction;152;162;count=1,maxLoopDepth=0,target=getList
FunctionCallsFunction;152;-1;count=1,maxLoopDepth=0,target=basic_string
FunctionCallsFunction;152;-1;count=1,maxLoopDepth=1,target=begin
FunctionCallsFunction;152;-1;count=1,maxLoopDepth=1,target="operator!="
FunctionCallsFunction;152;-1;count=1,maxLoopDepth=1,target=end
FunctionCallsFunction;152;-1;count=1,maxLoopDepth=1,target=operator++
FunctionCallsFunction;152;-1;count=1,maxLoopDepth=1,target="operator=="
FunctionCallsFunction;152;-1;count=1,maxLoopDepth=1,target=operator*
FunctionCallsFunction;152;175;count=2,maxLoopDepth=1,target=print
FunctionCallsFunction;152;154;count=1,maxLoopDepth=1,target=gatherNodeChains
FunctionCallsFunction;152;-1;count=1,maxLoopDepth=1,target="operator=="
FunctionCallsFunction;152;-1;count=1,maxLoopDepth=1,target=operator*
FunctionCallsFunction;152;153;count=1,maxLoopDepth=1,target=distanceMatrix
FunctionCallsFunction;154;208;count=7,target=filterByType
FunctionCallsFunction;154;70;count=1,target=t
FunctionCallsFunction;154;72;count=1,target=t
FunctionCallsFunction;154;-1;count=1,target=insert
FunctionCallsFunction;154;-1;count=1,target=set
FunctionCallsFunction;154;-1;count=1,target=set
FunctionCallsFunction;154;205;count=7,target=getNodes
FunctionCallsFunction;154;62;count=3,target=t
FunctionCallsFunction;154;-1;count=1,target=insert
FunctionCallsFunction;154;-1;count=1,target=begin
FunctionCallsFunction;154;-1;count=1,target=end
FunctionCallsFunction;154;68;count=1,target=t
FunctionCallsFunction;154;-1;count=1,target=begin
FunctionCallsFunction;154;-1;count=1,target=end
FunctionCallsFunction;154;-1;count=1,target=begin
FunctionCallsFunction;154;-1;count=1,target="operator!="
FunctionCallsFunction;154;-1;count=1,target=end
FunctionCallsFunction;154;175;count=10,target=print
FunctionCallsFunction;154;-1;count=1,target=operator+
FunctionCallsFunction;154;-1;count=1,target=basic_string
FunctionCallsFunction;154;215;count=1,target=toString
FunctionCallsFunction;154;-1;count=1,target=operator*
FunctionCallsFunction;154;155;count=3,target=getInDegrees
FunctionCallsFunction;154;-1;count=1,target=operator*
FunctionCallsFunction;154;156;count=3,target=getOutDegrees
FunctionCallsFunction;154;-1;count=1,target=clear
FunctionCallsFunction;154;-1;count=1,target=insert
FunctionCallsFunction;154;-1;count=1,target=end
FunctionCallsFunction;154;207;count=5,target=filterByTarget
FunctionCallsFunction;154;-1;count=1,target=operator*
FunctionCallsFunction;154;-1;count=1,target=operator*
FunctionCallsFunction;154;-1;count=1,target=begin
FunctionCallsFunction;154;-1;count=1,target=operator*
FunctionCallsFunction;154;-1;count=1,target=begin
FunctionCallsFunction;154;-1;count=1,target=clear
FunctionCallsFunction;154;-1;count=1,target=insert
FunctionCallsFunction;154;-1;count=1,target=begin
FunctionCallsFunction;154;-1;count=1,target=end
FunctionCallsFunction;154;71;count=1,target=t
FunctionCallsFunction;154;-1;count=1,target=size
FunctionCallsFunction;154;-1;count=1,target=clear
FunctionCallsFunction;154;-1;count=1,target=insert
FunctionCallsFunction;154;-1;count=1,target=begin
FunctionCallsFunction;154;-1;count=1,target=end
FunctionCallsFunction;154;206;count=2,target=filterBySource
FunctionCallsFunction;154;-1;count=1,target=size
FunctionCallsFunction;154;-1;count=1,target=operator*
FunctionCallsFunction;154;-1;count=1,target=begin
FunctionCallsFunction;154;-1;count=1,target=set
FunctionCallsFunction;154;-1;count=1,target=insert
FunctionCallsFunction;154;-1;count=1,target=operator*
FunctionCallsFunction;154;-1;count=1,target=begin
FunctionCallsFunction;154;-1;count=1,target=clear
FunctionCallsFunction;154;-1;count=1,target=insert
FunctionCallsFunction;154;-1;count=1,target=begin
FunctionCallsFunction;154;-1;count=1,target=end
FunctionCallsFunction;154;-1;count=1,target=insert
FunctionCallsFunction;154;-1;count=1,target=begin
FunctionCallsFunction;154;-1;count=1,target=operator<<
FunctionCallsFunction;154;79;count=1,target=ComponentNode
FunctionCallsFunction;154;-1;count=1,target=basic_string
FunctionCallsFunction;154;-1;count=1,target=basic_string
FunctionCallsFunction;154;-1;count=1,target=basic_string
FunctionCallsFunction;154;-1;count=1,target="operator!="
FunctionCallsFunction;154;-1;count=1,target=operator++
FunctionCallsFunction;154;-1;count=1,target=operator*
FunctionCallsFunction;154;-1;count=1,target=basic_stringstream
FunctionCallsFunction;154;-1;count=1,target=size
FunctionCallsFunction;154;-1;count=1,target=operator+
FunctionCallsFunction;154;216;count=3,target=getArg
FunctionCallsFunction;154;217;count=3,target=setArg
FunctionCallsFunction;154;-1;count=1,target=basic_string
FunctionCallsFunction;154;-1;count=1,target=basic_string
FunctionCallsFunction;154;204;count=2,target=add
FunctionCallsFunction;154;-1;count=1,target=str
FunctionCallsFunction;154;-1;count=1,target=begin
FunctionCallsFunction;154;-1;count=1,target=end
FunctionCallsFunction;154;-1;count=1,target=operator*
FunctionCallsFunction;154;-1;count=1,target=begin
FunctionCallsFunction;154;-1;count=1,target=operator*
FunctionCallsFunction;154;-1;count=1,target=basic_string
FunctionCallsFunction;154;-1;count=1,target=basic_string
FunctionCallsFunction;98;158;count=1,maxLoopDepth=0,target=Config
FunctionCallsFunction;116;69;count=1,maxLoopDepth=0,target=t
FunctionCallsFunction;116;-1;count=1,maxLoopDepth=0,target=basic_string
FunctionCallsFunction;51;-1;count=1,maxLoopDepth=0,target="operator="
FunctionCallsFunction;51;65;count=1,maxLoopDepth=0,target=t
FunctionCallsFunction;154;-1;count=1,target=operator*
FunctionCallsFunction;154;82;count=1,target=ComponentContainsNode
FunctionCallsFunction;154;-1;count=1,target=basic_string
FunctionCallsFunction;154;-1;count=1,target=basic_string
FunctionCallsFunction;116;-1;count=1,maxLoopDepth=0,target="operator="
FunctionCallsFunction;105;-1;count=1,maxLoopDepth=0,target="operator="
FunctionCallsFunction;105;217;count=1,maxLoopDepth=0,target=setArg
FunctionCallsFunction;39;61;count=1,maxLoopDepth=0,target=t
FunctionCallsFunction;154;-1;count=1,target=operator++
FunctionCallsFunction;116;217;count=1,maxLoopDepth=0,target=setArg
FunctionCallsFunction;116;-1;count=1,maxLoopDepth=0,target="operator="
FunctionCallsFunction;105;68;count=1,maxLoopDepth=0,target=t
FunctionCallsFunction;105;-1;count=1,maxLoopDepth=0,target=basic_string
FunctionCallsFunction;105;-1;count=1,maxLoopDepth=0,target="operator="
FunctionCallsFunction;175;-1;count=1,maxLoopDepth=0,target=str
FunctionCallsFunction;36;217;count=1,maxLoopDepth=0,target=setArg
FunctionCallsFunction;39;-1;count=1,maxLoopDepth=0,target="operator="
FunctionCallsFunction;39;217;count=2,maxLoopDepth=0,target=setArg
FunctionCallsFunction;42;-1;count=1,maxLoopDepth=0,target="operator="
FunctionCallsFunction;42;217;count=1,maxLoopDepth=0,target=setArg
FunctionCallsFunction;45;63;count=1,maxLoopDepth=0,target=t
FunctionCallsFunction;175;-1;count=1,maxLoopDepth=0,target=basic_stringstream
FunctionCallsFunction;175;-1;count=1,maxLoopDepth=0,target=operator<<
FunctionCallsFunction;175;175;count=1,maxLoopDepth=0,target=print
FunctionCallsFunction;36;-1;count=1,maxLoopDepth=0,target="operator="
FunctionCallsFunction;36;60;count=1,maxLoopDepth=0,target=t
FunctionCallsFunction;36;-1;count=1,maxLoopDepth=0,target=basic_string
FunctionCallsFunction;39;-1;count=1,maxLoopDepth=0,target=basic_string
FunctionCallsFunction;39;-1;count=1,maxLoopDepth=0,target=basic_string
FunctionCallsFunction;42;62;count=1,maxLoopDepth=0,target=t
FunctionCallsFunction;42;-1;count=1,maxLoopDepth=0,target=basic_string
FunctionCallsFunction;42;-1;count=1,maxLoopDepth=0,target="operator="
FunctionCallsFunction;45;217;count=1,maxLoopDepth=0,target=setArg
FunctionCallsFunction;45;-1;count=1,maxLoopDepth=0,target="operator="
FunctionCallsFunction;51;-1;count=1,maxLoopDepth=0,target=basic_string
FunctionCallsFunction;51;-1;count=1,maxLoopDepth=0,target="operator="
FunctionCallsFunction;45;-1;count=1,maxLoopDepth=0,target="operator="
FunctionCallsFunction;45;-1;count=1,maxLoopDepth=0,target=basic_string
FunctionCallsFunction;51;217;count=2,maxLoopDepth=0,target=setArg
FunctionCallsFunction;51;-1;count=1,maxLoopDepth=0,target=basic_string
FunctionCallsFunction;48;-1;count=1,maxLoopDepth=0,target="operator="
FunctionCallsFunction;48;64;count=1,maxLoopDepth=0,target=t
FunctionCallsFunction;48;217;count=1,maxLoopDepth=0,target=setArg
FunctionCallsFunction;48;-1;count=1,maxLoopDepth=0,target=basic_string
FunctionCallsFunction;55;66;count=1,maxLoopDepth=0,target=t
FunctionCallsFunction;55;-1;count=1,maxLoopDepth=0,target=basic_string
FunctionCallsFunction;58;-1;count=1,maxLoopDepth=0,target="operator="
FunctionCallsFunction;58;67;count=1,maxLoopDepth=0,target=t
FunctionCallsFunction;58;-1;count=1,maxLoopDepth=0,target=basic_string
FunctionCallsFunction;48;-1;count=1,maxLoopDepth=0,target="operator="
FunctionCallsFunction;55;-1;count=1,maxLoopDepth=0,target="operator="
FunctionCallsFunction;55;217;count=1,maxLoopDepth=0,target=setArg
FunctionCallsFunction;55;-1;count=1,maxLoopDepth=0,target="operator="
FunctionCallsFunction;160;-1;count=1,maxLoopDepth=0,target=basic_string
FunctionCallsFunction;58;217;count=1,maxLoopDepth=0,target=setArg
FunctionCallsFunction;58;-1;count=1,maxLoopDepth=0,target="operator="
FunctionCallsFunction;63;-1;count=1,maxLoopDepth=0,target=basic_string
FunctionCallsFunction;71;-1;count=1,maxLoopDepth=0,target=basic_string
FunctionCallsFunction;59;-1;count=1,maxLoopDepth=0,target=basic_string
FunctionCallsFunction;62;-1;count=1,maxLoopDepth=0,target=basic_string
FunctionCallsFunction;61;-1;count=1,maxLoopDepth=0,target=basic_string
FunctionCallsFunction;64;-1;count=1,maxLoopDepth=0,target=basic_string
FunctionCallsFunction;65;-1;count=1,maxLoopDepth=0,target=basic_string
FunctionCallsFunction;67;-1;count=1,maxLoopDepth=0,target=basic_string
FunctionCallsFunction;66;-1;count=1,maxLoopDepth=0,target=basic_string
FunctionCallsFunction;160;-1;count=1,maxLoopDepth=0,target=operator[]
FunctionCallsFunction;68;-1;count=1,maxLoopDepth=0,target=basic_string
FunctionCallsFunction;69;-1;count=1,maxLoopDepth=0,target=basic_string
FunctionCallsFunction;60;-1;count=1,maxLoopDepth=0,target=basic_string
FunctionCallsFunction;70;-1;count=1,maxLoopDepth=0,target=basic_string
FunctionCallsFunction;72;-1;count=1,maxLoopDepth=0,target=basic_string
FunctionCallsFunction;165;175;count=5,maxLoopDepth=1,target=print
FunctionCallsFunction;165;-1;count=1,maxLoopDepth=1,target=begin
FunctionCallsFunction;165;-1;count=1,maxLoopDepth=1,target="operator!="
FunctionCallsFunction;165;-1;count=1,maxLoopDepth=1,target=end
FunctionCallsFunction;165;-1;count=1,maxLoopDepth=1,target=operator++
FunctionCallsFunction;165;-1;count=1,maxLoopDepth=1,target=operator+
FunctionCallsFunction;165;-1;count=1,maxLoopDepth=1,target=operator+
FunctionCallsFunction;165;-1;count=1,maxLoopDepth=1,target=operator*
FunctionCallsFunction;165;-1;count=1,maxLoopDepth=1,target=operator*
FunctionCallsFunction;165;-1;count=1,maxLoopDepth=1,target=begin
FunctionCallsFunction;165;-1;count=1,maxLoopDepth=1,target="operator!="
FunctionCallsFunction;165;-1;count=1,maxLoopDepth=1,target=end
FunctionCallsFunction;165;-1;count=1,maxLoopDepth=1,target=operator++
FunctionCallsFunction;165;-1;count=1,maxLoopDepth=1,target=operator+
FunctionCallsFunction;165;160;count=1,maxLoopDepth=1,target=get
FunctionCallsFunction;165;-1;count=1,maxLoopDepth=1,target=basic_string
FunctionCallsFunction;165;-1;count=1,maxLoopDepth=1,target=operator*
FunctionCallsFunction;161;-1;count=1,maxLoopDepth=0,target=basic_string
FunctionCallsFunction;162;-1;count=1,maxLoopDepth=0,target="operator=="
FunctionCallsFunction;162;-1;count=1,maxLoopDepth=0,target="operator="
FunctionCallsFunction;162;-1;count=1,maxLoopDepth=0,target=basic_string
FunctionCallsFunction;162;-1;count=1,maxLoopDepth=0,target=operator[]
FunctionCallsFunction;162;-1;count=1,maxLoopDepth=0,target="operator=="
FunctionCallsFunction;162;231;count=1,maxLoopDepth=0,target=strSplit
FunctionCallsFunction;158;163;count=1,maxLoopDepth=0,target=parseArgs
FunctionCallsFunction;161;-1;count=1,maxLoopDepth=0,target=operator[]
FunctionCallsFunction;161;-1;count=1,maxLoopDepth=0,target="operator=="
FunctionCallsFunction;161;-1;count=1,maxLoopDepth=0,target=atoi
FunctionCallsFunction;161;-1;count=1,maxLoopDepth=0,target=c_str
FunctionCallsFunction;158;161;count=1,maxLoopDepth=0,target=getInt
FunctionCallsFunction;158;-1;count=1,maxLoopDepth=0,target=basic_string
FunctionCallsFunction;158;176;count=1,maxLoopDepth=0,target=setLevel
FunctionCallsFunction;158;164;count=1,maxLoopDepth=0,target=readFile
FunctionCallsFunction;158;-1;count=1,maxLoopDepth=0,target=basic_string
FunctionCallsFunction;158;160;count=1,maxLoopDepth=0,target=get
FunctionCallsFunction;163;-1;count=1,maxLoopDepth=1,target=basic_string
FunctionCallsFunction;163;-1;count=1,maxLoopDepth=1,target="operator=="
FunctionCallsFunction;163;-1;count=1,maxLoopDepth=1,target=operator<<
FunctionCallsFunction;163;-1;count=1,maxLoopDepth=1,target=operator<<
FunctionCallsFunction;163;-1;count=1,maxLoopDepth=1,target=operator<<
FunctionCallsFunction;163;-1;count=1,maxLoopDepth=1,target=operator<<
FunctionCallsFunction;163;-1;count=1,maxLoopDepth=1,target=operator<<
FunctionCallsFunction;163;-1;count=1,maxLoopDepth=1,target=operator<<
FunctionCallsFunction;163;-1;count=1,maxLoopDepth=1,target=operator<<
FunctionCallsFunction;163;-1;count=1,maxLoopDepth=1,target=operator<<
FunctionCallsFunction;163;-1;count=1,maxLoopDepth=1,target=operator<<
FunctionCallsFunction;163;-1;count=1,maxLoopDepth=1,target=operator<<
FunctionCallsFunction;163;-1;count=1,maxLoopDepth=1,target=operator<<
FunctionCallsFunction;163;-1;count=1,maxLoopDepth=1,target=operator<<
FunctionCallsFunction;163;-1;count=1,maxLoopDepth=1,target=operator<<
FunctionCallsFunction;163;-1;count=1,maxLoopDepth=1,target=operator<<
FunctionCallsFunction;163;-1;count=1,maxLoopDepth=1,target=operator<<
FunctionCallsFunction;163;-1;count=1,maxLoopDepth=1,target=operator<<
FunctionCallsFunction;163;-1;count=1,maxLoopDepth=1,target=operator<<
FunctionCallsFunction;163;-1;count=1,maxLoopDepth=1,target=operator<<
FunctionCallsFunction;163;-1;count=1,maxLoopDepth=1,target=operator<<
FunctionCallsFunction;163;-1;count=1,maxLoopDepth=1,target=operator<<
FunctionCallsFunction;163;-1;count=1,maxLoopDepth=1,target=operator<<
FunctionCallsFunction;163;-1;count=1,maxLoopDepth=1,target=operator<<
FunctionCallsFunction;163;-1;count=1,maxLoopDepth=1,target=operator<<
FunctionCallsFunction;163;-1;count=1,maxLoopDepth=1,target=operator<<
FunctionCallsFunction;163;-1;count=1,maxLoopDepth=1,target=operator<<
FunctionCallsFunction;163;-1;count=1,maxLoopDepth=1,target=operator<<
FunctionCallsFunction;163;-1;count=1,maxLoopDepth=1,target=operator<<
FunctionCallsFunction;163;-1;count=1,maxLoopDepth=1,target=operator<<
FunctionCallsFunction;163;-1;count=1,maxLoopDepth=1,target=operator<<
FunctionCallsFunction;163;-1;count=1,maxLoopDepth=1,target=operator<<
FunctionCallsFunction;163;-1;count=1,maxLoopDepth=1,target=operator<<
FunctionCallsFunction;163;-1;count=1,maxLoopDepth=1,target=operator<<
FunctionCallsFunction;163;-1;count=1,maxLoopDepth=1,target=operator<<
FunctionCallsFunction;163;-1;count=1,maxLoopDepth=1,target=operator<<
FunctionCallsFunction;163;-1;count=1,maxLoopDepth=1,target=operator<<
FunctionCallsFunction;163;-1;count=1,maxLoopDepth=1,target=operator<<
FunctionCallsFunction;163;-1;count=1,maxLoopDepth=1,target=operator<<
FunctionCallsFunction;163;-1;count=1,maxLoopDepth=1,target=operator<<
FunctionCallsFunction;163;-1;count=1,maxLoopDepth=1,target=operator<<
FunctionCallsFunction;163;-1;count=1,maxLoopDepth=1,target=operator<<
FunctionCallsFunction;163;-1;count=1,maxLoopDepth=1,target=operator<<
FunctionCallsFunction;163;-1;count=1,maxLoopDepth=1,target=operator<<
FunctionCallsFunction;163;-1;count=1,maxLoopDepth=1,target=operator<<
FunctionCallsFunction;163;-1;count=1,maxLoopDepth=1,target=operator<<
FunctionCallsFunction;163;-1;count=1,maxLoopDepth=1,target=operator<<
FunctionCallsFunction;163;-1;count=1,maxLoopDepth=1,target=operator<<
FunctionCallsFunction;163;-1;count=1,maxLoopDepth=1,target=operator<<
FunctionCallsFunction;163;-1;count=1,maxLoopDepth=1,target=operator<<
FunctionCallsFunction;163;-1;count=1,maxLoopDepth=1,target=operator<<
FunctionCallsFunction;163;-1;count=1,maxLoopDepth=1,target=operator<<
FunctionCallsFunction;163;-1;count=1,maxLoopDepth=1,target=vector
FunctionCallsFunction;163;231;count=1,maxLoopDepth=1,target=strSplit
FunctionCallsFunction;163;-1;count=1,maxLoopDepth=1,target="operator="
FunctionCallsFunction;163;-1;count=1,maxLoopDepth=1,target=operator[]
FunctionCallsFunction;163;234;count=2,maxLoopDepth=1,target=lrtrim
FunctionCallsFunction;163;-1;count=1,maxLoopDepth=1,target=operator[]
FunctionCallsFunction;163;-1;count=1,maxLoopDepth=1,target=operator[]
FunctionCallsFunction;163;-1;count=1,maxLoopDepth=0,target=end
FunctionCallsFunction;163;-1;count=1,maxLoopDepth=0,target="operator="
FunctionCallsFunction;182;162;count=1,maxLoopDepth=0,target=getList
FunctionCallsFunction;182;-1;count=1,maxLoopDepth=0,target=basic_string
FunctionCallsFunction;163;-1;count=1,maxLoopDepth=0,target="operator=="
FunctionCallsFunction;163;-1;count=1,maxLoopDepth=0,target=find
FunctionCallsFunction;163;-1;count=1,maxLoopDepth=0,target=basic_string
FunctionCallsFunction;163;-1;count=1,maxLoopDepth=0,target=operator[]
FunctionCallsFunction;163;-1;count=1,maxLoopDepth=0,target=basic_string
FunctionCallsFunction;167;169;count=1,maxLoopDepth=0,target=close
FunctionCallsFunction;182;-1;count=1,maxLoopDepth=0,target=vector
FunctionCallsFunction;182;-1;count=1,maxLoopDepth=0,target=size
FunctionCallsFunction;182;-1;count=1,maxLoopDepth=0,target=size
FunctionCallsFunction;182;-1;count=1,maxLoopDepth=1,target=begin
FunctionCallsFunction;182;-1;count=1,maxLoopDepth=1,target="operator!="
FunctionCallsFunction;182;-1;count=1,maxLoopDepth=1,target=end
FunctionCallsFunction;182;-1;count=1,maxLoopDepth=1,target=operator++
FunctionCallsFunction;182;-1;count=1,maxLoopDepth=1,target=size
FunctionCallsFunction;182;-1;count=1,maxLoopDepth=1,target=operator*
FunctionCallsFunction;182;-1;count=1,maxLoopDepth=1,target=begin
FunctionCallsFunction;182;-1;count=1,maxLoopDepth=1,target="operator!="
FunctionCallsFunction;182;-1;count=1,maxLoopDepth=1,target=end
FunctionCallsFunction;182;-1;count=1,maxLoopDepth=1,target=operator++
FunctionCallsFunction;182;-1;count=1,maxLoopDepth=1,target=strcpy
FunctionCallsFunction;182;-1;count=1,maxLoopDepth=1,target=c_str
FunctionCallsFunction;182;-1;count=1,maxLoopDepth=1,target=operator*
FunctionCallsFunction;182;-1;count=1,maxLoopDepth=1,target=size
FunctionCallsFunction;182;-1;count=1,maxLoopDepth=1,target=operator*
FunctionCallsFunction;182;-1;count=1,maxLoopDepth=0,target=size
FunctionCallsFunction;171;-1;count=1,maxLoopDepth=0,target=is_open
FunctionCallsFunction;171;-1;count=1,maxLoopDepth=0,target=open
FunctionCallsFunction;171;-1;count=1,maxLoopDepth=0,target=c_str
FunctionCallsFunction;171;-1;count=1,maxLoopDepth=0,target=is_open
FunctionCallsFunction;171;-1;count=1,maxLoopDepth=0,target=operator<<
FunctionCallsFunction;171;-1;count=1,maxLoopDepth=0,target=operator<<
FunctionCallsFunction;168;-1;count=1,maxLoopDepth=0,target="operator="
FunctionCallsFunction;169;-1;count=1,maxLoopDepth=0,target=close
FunctionCallsFunction;164;-1;count=1,maxLoopDepth=0,target=basic_string
FunctionCallsFunction;164;-1;count=1,maxLoopDepth=0,target=basic_ifstream
FunctionCallsFunction;164;-1;count=1,maxLoopDepth=0,target=open
FunctionCallsFunction;164;-1;count=1,maxLoopDepth=0,target=c_str
FunctionCallsFunction;164;175;count=4,maxLoopDepth=1,target=print
FunctionCallsFunction;164;-1;count=1,maxLoopDepth=0,target=operator+
FunctionCallsFunction;164;-1;count=1,maxLoopDepth=0,target=is_open
FunctionCallsFunction;164;-1;count=1,maxLoopDepth=1,target=eof
FunctionCallsFunction;164;-1;count=1,maxLoopDepth=1,target=getline
FunctionCallsFunction;164;-1;count=1,maxLoopDepth=1,target=size
FunctionCallsFunction;164;-1;count=1,maxLoopDepth=1,target=basic_string
FunctionCallsFunction;164;234;count=6,maxLoopDepth=1,target=lrtrim
FunctionCallsFunction;164;-1;count=1,maxLoopDepth=1,target=basic_string
FunctionCallsFunction;164;-1;count=1,maxLoopDepth=1,target=find
FunctionCallsFunction;164;-1;count=1,maxLoopDepth=1,target="operator="
FunctionCallsFunction;164;-1;count=1,maxLoopDepth=1,target=substr
FunctionCallsFunction;164;-1;count=1,maxLoopDepth=1,target=size
FunctionCallsFunction;164;-1;count=1,maxLoopDepth=1,target=vector
FunctionCallsFunction;164;231;count=1,maxLoopDepth=1,target=strSplit
FunctionCallsFunction;164;-1;count=1,maxLoopDepth=1,target=size
FunctionCallsFunction;164;-1;count=1,maxLoopDepth=1,target=basic_stringstream
FunctionCallsFunction;164;-1;count=1,maxLoopDepth=1,target=operator<<
FunctionCallsFunction;164;-1;count=1,maxLoopDepth=1,target=operator<<
FunctionCallsFunction;164;-1;count=1,maxLoopDepth=1,target=str
FunctionCallsFunction;164;-1;count=1,maxLoopDepth=1,target=size
FunctionCallsFunction;164;-1;count=1,maxLoopDepth=1,target=basic_stringstream
FunctionCallsFunction;164;-1;count=1,maxLoopDepth=1,target=operator<<
FunctionCallsFunction;164;-1;count=1,maxLoopDepth=1,target=operator<<
FunctionCallsFunction;164;-1;count=1,maxLoopDepth=1,target=operator<<
FunctionCallsFunction;164;-1;count=1,maxLoopDepth=1,target=operator[]
FunctionCallsFunction;164;-1;count=1,maxLoopDepth=2,target=size
FunctionCallsFunction;164;-1;count=1,maxLoopDepth=2,target="operator+="
FunctionCallsFunction;164;-1;count=1,maxLoopDepth=2,target=operator[]
FunctionCallsFunction;164;-1;count=1,maxLoopDepth=1,target=operator[]
FunctionCallsFunction;164;-1;count=1,maxLoopDepth=1,target=operator+
FunctionCallsFunction;164;-1;count=1,maxLoopDepth=1,target=operator+
FunctionCallsFunction;164;-1;count=1,maxLoopDepth=1,target=operator[]
FunctionCallsFunction;164;-1;count=1,maxLoopDepth=1,target="operator=="
FunctionCallsFunction;164;-1;count=1,maxLoopDepth=1,target=operator[]
FunctionCallsFunction;164;-1;count=1,maxLoopDepth=1,target="operator=="
FunctionCallsFunction;164;-1;count=1,maxLoopDepth=1,target="operator="
FunctionCallsFunction;164;-1;count=1,maxLoopDepth=1,target=operator[]
FunctionCallsFunction;164;-1;count=1,maxLoopDepth=1,target=close
FunctionCallsFunction;170;-1;count=1,maxLoopDepth=0,target=is_open
FunctionCallsFunction;170;-1;count=1,maxLoopDepth=0,target=is_open
FunctionCallsFunction;170;-1;count=1,maxLoopDepth=0,target=eof
FunctionCallsFunction;164;-1;count=1,maxLoopDepth=1,target=str
FunctionCallsFunction;164;-1;count=1,maxLoopDepth=1,target=basic_string
FunctionCallsFunction;164;-1;count=1,maxLoopDepth=2,target="operator+="
FunctionCallsFunction;164;-1;count=1,maxLoopDepth=2,target="operator="
FunctionCallsFunction;164;-1;count=1,maxLoopDepth=1,target=operator+
FunctionCallsFunction;164;-1;count=1,maxLoopDepth=1,target=basic_string
FunctionCallsFunction;164;-1;count=1,maxLoopDepth=1,target=operator[]
FunctionCallsFunction;164;-1;count=1,maxLoopDepth=1,target=push_back
FunctionCallsFunction;164;-1;count=1,maxLoopDepth=1,target=operator[]
FunctionCallsFunction;164;160;count=1,maxLoopDepth=1,target=get
FunctionCallsFunction;164;-1;count=1,maxLoopDepth=1,target=operator[]
FunctionCallsFunction;164;-1;count=1,maxLoopDepth=1,target=operator[]
FunctionCallsFunction;164;-1;count=1,maxLoopDepth=1,target=operator[]
FunctionCallsFunction;157;164;count=1,maxLoopDepth=0,target=readFile
FunctionCallsFunction;174;175;count=1,maxLoopDepth=0,target=print
FunctionCallsFunction;170;-1;count=1,maxLoopDepth=0,target=open
FunctionCallsFunction;170;-1;count=1,maxLoopDepth=0,target=clear
FunctionCallsFunction;170;-1;count=1,maxLoopDepth=0,target=operator&
FunctionCallsFunction;170;-1;count=1,maxLoopDepth=0,target=rdstate
FunctionCallsFunction;170;-1;count=1,maxLoopDepth=0,target="operator!="
FunctionCallsFunction;170;92;count=1,maxLoopDepth=0,target=sep
FunctionCallsFunction;170;-1;count=1,maxLoopDepth=0,target=c_str
FunctionCallsFunction;170;-1;count=1,maxLoopDepth=0,target=getline
FunctionCallsFunction;170;-1;count=1,maxLoopDepth=0,target=basic_string
FunctionCallsFunction;170;231;count=1,maxLoopDepth=0,target=strSplit
FunctionCallsFunction;174;-1;count=1,maxLoopDepth=0,target=c_str
FunctionCallsFunction;173;-1;count=1,maxLoopDepth=0,target=operator<<
FunctionCallsFunction;173;-1;count=1,maxLoopDepth=0,target=operator<<
FunctionCallsFunction;180;-1;count=1,maxLoopDepth=1,target="operator!="
FunctionCallsFunction;180;-1;count=1,maxLoopDepth=1,target=operator++
FunctionCallsFunction;180;-1;count=1,maxLoopDepth=1,target=operator*
FunctionCallsFunction;180;-1;count=1,maxLoopDepth=1,target=begin
FunctionCallsFunction;180;-1;count=1,maxLoopDepth=1,target=end
FunctionCallsFunction;180;221;count=1,maxLoopDepth=1,target=parse
FunctionCallsFunction;177;-1;count=1,maxLoopDepth=0,target=clang_createIndex
FunctionCallsFunction;181;-1;count=1,maxLoopDepth=0,target=clang_getCursorLocation
FunctionCallsFunction;181;-1;count=1,maxLoopDepth=0,target=clang_getExpansionLocation
FunctionCallsFunction;181;-1;count=1,maxLoopDepth=0,target=basic_string
FunctionCallsFunction;181;-1;count=1,maxLoopDepth=0,target=basic_string
FunctionCallsFunction;181;-1;count=1,maxLoopDepth=0,target=clang_getCString
FunctionCallsFunction;181;-1;count=1,maxLoopDepth=0,target=clang_getFileName
FunctionCallsFunction;177;-1;count=1,maxLoopDepth=0,target=operator+
FunctionCallsFunction;177;216;count=3,maxLoopDepth=0,target=getArg
FunctionCallsFunction;177;-1;count=1,maxLoopDepth=0,target=basic_string
FunctionCallsFunction;177;-1;count=1,maxLoopDepth=0,target=basic_string
FunctionCallsFunction;177;182;count=1,maxLoopDepth=0,target=getClangArgs
FunctionCallsFunction;177;-1;count=1,maxLoopDepth=0,target=operator+
FunctionCallsFunction;177;-1;count=1,maxLoopDepth=0,target=clang_createTranslationUnitFromSourceFile
FunctionCallsFunction;177;-1;count=1,maxLoopDepth=0,target=clang_visitChildren
FunctionCallsFunction;177;175;count=2,maxLoopDepth=0,target=print
FunctionCallsFunction;177;-1;count=1,maxLoopDepth=0,target=basic_string
FunctionCallsFunction;177;-1;count=1,maxLoopDepth=0,target=basic_string
FunctionCallsFunction;177;-1;count=1,maxLoopDepth=0,target=c_str
FunctionCallsFunction;177;226;count=1,maxLoopDepth=0,target=ParserData
FunctionCallsFunction;177;-1;count=1,maxLoopDepth=0,target=clang_getTranslationUnitCursor
FunctionCallsFunction;178;-1;count=1,maxLoopDepth=0,target="operator="
FunctionCallsFunction;178;226;count=1,maxLoopDepth=0,target=ParserData
FunctionCallsFunction;178;175;count=4,maxLoopDepth=1,target=print
FunctionCallsFunction;178;-1;count=1,maxLoopDepth=0,target=operator+
FunctionCallsFunction;178;-1;count=1,maxLoopDepth=0,target=basic_string
FunctionCallsFunction;178;216;count=1,maxLoopDepth=0,target=getArg
FunctionCallsFunction;178;-1;count=1,maxLoopDepth=0,target=basic_string
FunctionCallsFunction;178;-1;count=1,maxLoopDepth=1,target=begin
FunctionCallsFunction;178;-1;count=1,maxLoopDepth=1,target="operator!="
FunctionCallsFunction;178;-1;count=1,maxLoopDepth=1,target=end
FunctionCallsFunction;178;-1;count=1,maxLoopDepth=1,target=operator++
FunctionCallsFunction;178;219;count=1,maxLoopDepth=1,target=startFunction
FunctionCallsFunction;178;-1;count=1,maxLoopDepth=1,target=operator*
FunctionCallsFunction;178;-1;count=1,maxLoopDepth=0,target=clang_visitChildren
FunctionCallsFunction;178;133;count=1,maxLoopDepth=0,target=getCursor
FunctionCallsFunction;178;-1;count=1,maxLoopDepth=1,target=begin
FunctionCallsFunction;178;-1;count=1,maxLoopDepth=1,target="operator!="
FunctionCallsFunction;178;-1;count=1,maxLoopDepth=1,target=end
FunctionCallsFunction;178;-1;count=1,maxLoopDepth=1,target=operator++
FunctionCallsFunction;178;220;count=1,maxLoopDepth=1,target=endFunction
FunctionCallsFunction;178;-1;count=1,maxLoopDepth=1,target=operator*
FunctionCallsFunction;179;181;count=1,maxLoopDepth=0,target=getFilename
FunctionCallsFunction;179;230;count=1,maxLoopDepth=0,target=getFilename
FunctionCallsFunction;179;-1;count=1,maxLoopDepth=0,target="operator=="
FunctionCallsFunction;179;-1;count=1,maxLoopDepth=0,target=clang_equalCursors
FunctionCallsFunction;179;-1;count=1,maxLoopDepth=0,target=clang_getCursorDefinition
FunctionCallsFunction;179;-1;count=1,maxLoopDepth=0,target=basic_string
FunctionCallsFunction;179;-1;count=1,maxLoopDepth=0,target=clang_getCString
FunctionCallsFunction;179;-1;count=1,maxLoopDepth=0,target=clang_getCursorSpelling
FunctionCallsFunction;179;42;count=1,maxLoopDepth=0,target=FunctionNode
FunctionCallsFunction;179;204;count=6,maxLoopDepth=0,target=add
FunctionCallsFunction;179;-1;count=1,maxLoopDepth=0,target=clang_getCursorDefinition
FunctionCallsFunction;179;-1;count=1,maxLoopDepth=0,target=basic_string
FunctionCallsFunction;179;-1;count=1,maxLoopDepth=0,target=clang_getCString
FunctionCallsFunction;179;-1;count=1,maxLoopDepth=0,target=clang_getCursorSpelling
FunctionCallsFunction;179;-1;count=1,maxLoopDepth=0,target=clang_equalCursors
FunctionCallsFunction;179;45;count=1,maxLoopDepth=0,target=VariableNode
FunctionCallsFunction;179;-1;count=1,maxLoopDepth=0,target="operator=="
FunctionCallsFunction;179;-1;count=1,maxLoopDepth=0,target=basic_string
FunctionCallsFunction;179;-1;count=1,maxLoopDepth=0,target=clang_getCString
FunctionCallsFunction;179;-1;count=1,maxLoopDepth=0,target=clang_getCursorSpelling
FunctionCallsFunction;179;175;count=4,maxLoopDepth=0,target=print
FunctionCallsFunction;179;-1;count=1,maxLoopDepth=0,target=operator+
FunctionCallsFunction;179;-1;count=1,maxLoopDepth=0,target=basic_string
FunctionCallsFunction;179;48;count=1,maxLoopDepth=0,target=ClassNode
FunctionCallsFunction;179;-1;count=1,maxLoopDepth=0,target=basic_string
FunctionCallsFunction;179;-1;count=1,maxLoopDepth=0,target=clang_getCString
FunctionCallsFunction;179;-1;count=1,maxLoopDepth=0,target=clang_getCursorSpelling
FunctionCallsFunction;179;-1;count=1,maxLoopDepth=0,target="operator="
FunctionCallsFunction;179;-1;count=1,maxLoopDepth=0,target=substr
FunctionCallsFunction;179;-1;count=1,maxLoopDepth=0,target=basic_string
FunctionCallsFunction;179;-1;count=1,maxLoopDepth=0,target=clang_getCString
FunctionCallsFunction;179;-1;count=1,maxLoopDepth=0,target=clang_getCursorSpelling
FunctionCallsFunction;179;-1;count=1,maxLoopDepth=0,target=operator+
FunctionCallsFunction;179;-1;count=1,maxLoopDepth=0,target=operator+
FunctionCallsFunction;179;-1;count=1,maxLoopDepth=0,target=operator+
FunctionCallsFunction;179;-1;count=1,maxLoopDepth=0,target=basic_string
FunctionCallsFunction;179;205;count=4,maxLoopDepth=0,target=getNodes
FunctionCallsFunction;179;208;count=4,maxLoopDepth=0,target=filterByType
FunctionCallsFunction;179;64;count=4,maxLoopDepth=0,target=t
FunctionCallsFunction;179;209;count=4,maxLoopDepth=0,target=filterByArg
FunctionCallsFunction;179;-1;count=1,maxLoopDepth=0,target=empty
FunctionCallsFunction;179;-1;count=1,maxLoopDepth=0,target=empty
FunctionCallsFunction;179;-1;count=1,maxLoopDepth=0,target="operator=="
FunctionCallsFunction;179;-1;count=1,maxLoopDepth=0,target=basic_string
FunctionCallsFunction;179;-1;count=1,maxLoopDepth=0,target=operator*
FunctionCallsFunction;179;-1;count=1,maxLoopDepth=0,target=begin
FunctionCallsFunction;179;-1;count=1,maxLoopDepth=0,target=basic_string
FunctionCallsFunction;179;-1;count=1,maxLoopDepth=0,target=operator*
FunctionCallsFunction;179;-1;count=1,maxLoopDepth=0,target=begin
FunctionCallsFunction;179;51;count=1,maxLoopDepth=0,target=InheritanceNode
FunctionCallsFunction;179;-1;count=1,maxLoopDepth=0,target=clang_equalCursors
FunctionCallsFunction;179;-1;count=1,maxLoopDepth=0,target=clang_getCursorDefinition
FunctionCallsFunction;179;-1;count=1,maxLoopDepth=0,target=clang_getCursorSemanticParent
FunctionCallsFunction;179;-1;count=1,maxLoopDepth=0,target=operator+
FunctionCallsFunction;179;-1;count=1,maxLoopDepth=0,target=operator+
FunctionCallsFunction;179;-1;count=1,maxLoopDepth=0,target=operator+
FunctionCallsFunction;179;-1;count=1,maxLoopDepth=0,target=basic_string
FunctionCallsFunction;179;-1;count=1,maxLoopDepth=0,target=clang_getCString
FunctionCallsFunction;179;-1;count=1,maxLoopDepth=0,target=clang_getCursorSpelling
FunctionCallsFunction;179;-1;count=1,maxLoopDepth=0,target=clang_getCString
FunctionCallsFunction;179;-1;count=1,maxLoopDepth=0,target=clang_getCursorSpelling
FunctionCallsFunction;179;-1;count=1,maxLoopDepth=0,target=basic_string
FunctionCallsFunction;179;-1;count=1,maxLoopDepth=0,target=clang_getCString
FunctionCallsFunction;179;-1;count=1,maxLoopDepth=0,target=basic_string
FunctionCallsFunction;179;-1;count=1,maxLoopDepth=0,target=operator*
FunctionCallsFunction;179;-1;count=1,maxLoopDepth=0,target=begin
FunctionCallsFunction;179;217;count=2,maxLoopDepth=0,target=setArg
FunctionCallsFunction;179;-1;count=1,maxLoopDepth=0,target=basic_string
FunctionCallsFunction;179;-1;count=1,maxLoopDepth=0,target=clang_getCString
FunctionCallsFunction;179;-1;count=1,maxLoopDepth=0,target=clang_getCursorSpelling
FunctionCallsFunction;179;-1;count=1,maxLoopDepth=0,target=empty
FunctionCallsFunction;179;-1;count=1,maxLoopDepth=0,target=basic_string
FunctionCallsFunction;179;-1;count=1,maxLoopDepth=0,target=clang_getCString
FunctionCallsFunction;179;-1;count=1,maxLoopDepth=0,target=clang_getCursorSpelling
FunctionCallsFunction;179;55;count=1,maxLoopDepth=0,target=MethodNode
FunctionCallsFunction;179;-1;count=1,maxLoopDepth=0,target=basic_string
FunctionCallsFunction;179;-1;count=1,maxLoopDepth=0,target=clang_getCursorSpelling
FunctionCallsFunction;179;-1;count=1,maxLoopDepth=0,target="operator=="
FunctionCallsFunction;179;-1;count=1,maxLoopDepth=0,target=clang_getCursorSemanticParent
FunctionCallsFunction;179;-1;count=1,maxLoopDepth=0,target=operator+
FunctionCallsFunction;179;-1;count=1,maxLoopDepth=0,target=operator+
FunctionCallsFunction;179;-1;count=1,maxLoopDepth=0,target=operator+
FunctionCallsFunction;179;-1;count=1,maxLoopDepth=0,target=basic_string
FunctionCallsFunction;179;-1;count=1,maxLoopDepth=0,target=clang_getCString
FunctionCallsFunction;179;-1;count=1,maxLoopDepth=0,target=clang_getCursorSpelling
FunctionCallsFunction;179;-1;count=1,maxLoopDepth=0,target=clang_getCString
FunctionCallsFunction;179;-1;count=1,maxLoopDepth=0,target=clang_getCursorSpelling
FunctionCallsFunction;179;-1;count=1,maxLoopDepth=0,target=basic_string
FunctionCallsFunction;179;-1;count=1,maxLoopDepth=0,target=basic_string
FunctionCallsFunction;179;-1;count=1,maxLoopDepth=0,target=clang_getCString
FunctionCallsFunction;179;-1;count=1,maxLoopDepth=0,target=clang_getCursorSpelling
FunctionCallsFunction;179;-1;count=1,maxLoopDepth=0,target=empty
FunctionCallsFunction;179;-1;count=1,maxLoopDepth=0,target=operator*
FunctionCallsFunction;179;-1;count=1,maxLoopDepth=0,target=begin
FunctionCallsFunction;179;-1;count=1,maxLoopDepth=0,target=basic_string
FunctionCallsFunction;179;-1;count=1,maxLoopDepth=0,target=clang_getCString
FunctionCallsFunction;179;-1;count=1,maxLoopDepth=0,target=clang_getCursorSpelling
FunctionCallsFunction;179;58;count=1,maxLoopDepth=0,target=AttributeNode
FunctionCallsFunction;179;-1;count=1,maxLoopDepth=0,target=basic_string
FunctionCallsFunction;179;-1;count=1,maxLoopDepth=0,target=basic_string
FunctionCallsFunction;179;-1;count=1,maxLoopDepth=0,target=clang_getCString
FunctionCallsFunction;179;-1;count=1,maxLoopDepth=0,target=clang_getCursorSpelling
FunctionCallsFunction;196;219;count=1,maxLoopDepth=0,target=startFunction
FunctionCallsFunction;187;220;count=1,maxLoopDepth=0,target=endFunction
FunctionCallsFunction;187;-1;count=1,maxLoopDepth=0,target=basic_stringstream
FunctionCallsFunction;187;-1;count=1,maxLoopDepth=0,target=operator<<
FunctionCallsFunction;187;229;count=1,maxLoopDepth=0,target=get
FunctionCallsFunction;187;-1;count=1,maxLoopDepth=0,target=basic_string
FunctionCallsFunction;187;217;count=1,maxLoopDepth=0,target=setArg
FunctionCallsFunction;187;-1;count=1,maxLoopDepth=0,target=str
FunctionCallsFunction;196;228;count=1,maxLoopDepth=0,target=set
FunctionCallsFunction;188;-1;count=1,maxLoopDepth=0,target=basic_string
FunctionCallsFunction;198;-1;count=1,maxLoopDepth=1,target=basic_string
FunctionCallsFunction;198;221;count=1,maxLoopDepth=0,target=parse
FunctionCallsFunction;202;166;count=1,maxLoopDepth=0,target=CSVFile
FunctionCallsFunction;202;168;count=1,maxLoopDepth=0,target=setName
FunctionCallsFunction;202;-1;count=1,maxLoopDepth=0,target=basic_string
FunctionCallsFunction;202;-1;count=1,maxLoopDepth=0,target=vector
FunctionCallsFunction;202;-1;count=1,maxLoopDepth=1,target=size
FunctionCallsFunction;202;-1;count=1,maxLoopDepth=2,target=size
FunctionCallsFunction;202;175;count=2,maxLoopDepth=2,target=print
FunctionCallsFunction;202;-1;count=1,maxLoopDepth=2,target=basic_string
FunctionCallsFunction;202;-1;count=1,maxLoopDepth=1,target=operator[]
FunctionCallsFunction;202;-1;count=1,maxLoopDepth=1,target=c_str
FunctionCallsFunction;202;-1;count=1,maxLoopDepth=1,target=atoi
FunctionCallsFunction;202;-1;count=1,maxLoopDepth=1,target=operator[]
FunctionCallsFunction;202;-1;count=1,maxLoopDepth=1,target=insert
FunctionCallsFunction;202;-1;count=1,maxLoopDepth=1,target=operator+
FunctionCallsFunction;202;215;count=1,maxLoopDepth=1,target=toString
FunctionCallsFunction;187;-1;count=1,maxLoopDepth=0,target=basic_string
FunctionCallsFunction;196;-1;count=1,maxLoopDepth=0,target=basic_string
FunctionCallsFunction;188;227;count=1,maxLoopDepth=0,target=add
FunctionCallsFunction;201;175;count=1,maxLoopDepth=0,target=print
FunctionCallsFunction;198;222;count=1,maxLoopDepth=1,target=ascendCompound
FunctionCallsFunction;188;221;count=1,maxLoopDepth=0,target=parse
FunctionCallsFunction;198;227;count=2,maxLoopDepth=1,target=add
FunctionCallsFunction;198;223;count=1,maxLoopDepth=0,target=descendCompound
FunctionCallsFunction;198;-1;count=1,maxLoopDepth=0,target=basic_string
FunctionCallsFunction;202;170;count=3,maxLoopDepth=1,target=getLine
FunctionCallsFunction;202;-1;count=1,maxLoopDepth=2,target=push_back
FunctionCallsFunction;202;211;count=1,maxLoopDepth=1,target=ModelNode
FunctionCallsFunction;202;-1;count=1,maxLoopDepth=1,target=atoi
FunctionCallsFunction;202;-1;count=1,maxLoopDepth=1,target=operator[]
FunctionCallsFunction;202;-1;count=1,maxLoopDepth=1,target=c_str
FunctionCallsFunction;202;-1;count=1,maxLoopDepth=1,target=operator[]
FunctionCallsFunction;202;-1;count=1,maxLoopDepth=1,target=basic_string
FunctionCallsFunction;210;-1;count=1,target=begin
FunctionCallsFunction;210;-1;count=1,target="operator!="
FunctionCallsFunction;210;-1;count=1,target=end
FunctionCallsFunction;210;-1;count=1,target=operator++
FunctionCallsFunction;210;175;count=1,target=print
FunctionCallsFunction;210;215;count=1,target=toString
FunctionCallsFunction;210;-1;count=1,target=operator*
FunctionCallsFunction;186;219;count=1,maxLoopDepth=0,target=startFunction
FunctionCallsFunction;186;228;count=1,maxLoopDepth=0,target=set
FunctionCallsFunction;186;-1;count=1,maxLoopDepth=0,target=basic_string
FunctionCallsFunction;183;-1;count=1,maxLoopDepth=0,target=clear
FunctionCallsFunction;204;175;count=1,maxLoopDepth=0,target=print
FunctionCallsFunction;183;219;count=1,maxLoopDepth=0,target=startFunction
FunctionCallsFunction;204;131;count=1,maxLoopDepth=0,target=setId
FunctionCallsFunction;204;215;count=1,maxLoopDepth=0,target=toString
FunctionCallsFunction;208;-1;count=1,maxLoopDepth=0,target=set
FunctionCallsFunction;204;-1;count=1,maxLoopDepth=0,target=operator+
FunctionCallsFunction;204;-1;count=1,maxLoopDepth=0,target=insert
FunctionCallsFunction;208;-1;count=1,maxLoopDepth=1,target=begin
FunctionCallsFunction;208;-1;count=1,maxLoopDepth=1,target="operator!="
FunctionCallsFunction;208;-1;count=1,maxLoopDepth=1,target=end
FunctionCallsFunction;208;-1;count=1,maxLoopDepth=1,target=operator++
FunctionCallsFunction;208;-1;count=1,maxLoopDepth=1,target="operator=="
FunctionCallsFunction;208;-1;count=1,maxLoopDepth=1,target=operator*
FunctionCallsFunction;208;-1;count=1,maxLoopDepth=1,target=insert
FunctionCallsFunction;208;-1;count=1,maxLoopDepth=1,target=operator*
FunctionCallsFunction;208;-1;count=1,maxLoopDepth=1,target=swap
FunctionCallsFunction;207;-1;count=1,maxLoopDepth=0,target=set
FunctionCallsFunction;207;-1;count=1,maxLoopDepth=1,target=begin
FunctionCallsFunction;207;-1;count=1,maxLoopDepth=1,target="operator!="
FunctionCallsFunction;207;-1;count=1,maxLoopDepth=1,target=end
FunctionCallsFunction;207;-1;count=1,maxLoopDepth=1,target=operator++
FunctionCallsFunction;207;-1;count=1,maxLoopDepth=1,target=operator*
FunctionCallsFunction;207;-1;count=1,maxLoopDepth=1,target=insert
FunctionCallsFunction;207;-1;count=1,maxLoopDepth=1,target=operator*
FunctionCallsFunction;207;-1;count=1,maxLoopDepth=1,target=swap
FunctionCallsFunction;203;166;count=1,maxLoopDepth=0,target=CSVFile
FunctionCallsFunction;203;168;count=1,maxLoopDepth=0,target=setName
FunctionCallsFunction;203;-1;count=1,maxLoopDepth=0,target=basic_string
FunctionCallsFunction;203;-1;count=1,maxLoopDepth=1,target=begin
FunctionCallsFunction;203;-1;count=1,maxLoopDepth=1,target="operator!="
FunctionCallsFunction;203;-1;count=1,maxLoopDepth=1,target=end
FunctionCallsFunction;203;-1;count=1,maxLoopDepth=1,target=operator++
FunctionCallsFunction;203;171;count=1,maxLoopDepth=1,target=writeLine
FunctionCallsFunction;203;215;count=1,maxLoopDepth=1,target=toString
FunctionCallsFunction;203;92;count=1,maxLoopDepth=1,target=sep
FunctionCallsFunction;193;219;count=1,maxLoopDepth=0,target=startFunction
FunctionCallsFunction;193;-1;count=1,maxLoopDepth=0,target=clear
FunctionCallsFunction;193;206;count=1,maxLoopDepth=0,target=filterBySource
FunctionCallsFunction;203;-1;count=1,maxLoopDepth=1,target=operator*
FunctionCallsFunction;203;93;count=1,maxLoopDepth=1,target=subsep
FunctionCallsFunction;193;-1;count=1,maxLoopDepth=0,target=clear
FunctionCallsFunction;193;205;count=1,maxLoopDepth=0,target=getNodes
FunctionCallsFunction;193;208;count=1,maxLoopDepth=0,target=filterByType
FunctionCallsFunction;193;63;count=1,maxLoopDepth=0,target=t
FunctionCallsFunction;193;-1;count=1,maxLoopDepth=1,target=begin
FunctionCallsFunction;193;-1;count=1,maxLoopDepth=1,target="operator!="
FunctionCallsFunction;193;-1;count=1,maxLoopDepth=1,target=end
FunctionCallsFunction;193;-1;count=1,maxLoopDepth=1,target=operator++
FunctionCallsFunction;193;-1;count=1,maxLoopDepth=1,target=VarDecl
FunctionCallsFunction;193;-1;count=1,maxLoopDepth=1,target="operator="
FunctionCallsFunction;193;216;count=1,maxLoopDepth=1,target=getArg
FunctionCallsFunction;193;-1;count=1,maxLoopDepth=1,target=operator*
FunctionCallsFunction;193;-1;count=1,maxLoopDepth=1,target=basic_string
FunctionCallsFunction;193;-1;count=1,maxLoopDepth=1,target=operator*
FunctionCallsFunction;193;-1;count=1,maxLoopDepth=1,target=push
FunctionCallsFunction;193;-1;count=1,maxLoopDepth=1,target=operator[]
FunctionCallsFunction;214;-1;count=1,target="operator=="
FunctionCallsFunction;215;-1;count=1,maxLoopDepth=0,target=basic_stringstream
FunctionCallsFunction;215;-1;count=1,maxLoopDepth=0,target=operator<<
FunctionCallsFunction;215;-1;count=1,maxLoopDepth=0,target=operator<<
FunctionCallsFunction;215;-1;count=1,maxLoopDepth=0,target=operator<<
FunctionCallsFunction;215;-1;count=1,maxLoopDepth=0,target=operator<<
FunctionCallsFunction;215;-1;count=1,maxLoopDepth=0,target=operator<<
FunctionCallsFunction;215;-1;count=1,maxLoopDepth=0,target=operator<<
FunctionCallsFunction;215;-1;count=1,maxLoopDepth=1,target=begin
FunctionCallsFunction;215;-1;count=1,maxLoopDepth=1,target="operator!="
FunctionCallsFunction;215;-1;count=1,maxLoopDepth=1,target=end
FunctionCallsFunction;215;-1;count=1,maxLoopDepth=1,target=operator<<
FunctionCallsFunction;215;-1;count=1,maxLoopDepth=1,target=operator<<
FunctionCallsFunction;215;-1;count=1,maxLoopDepth=1,target=operator<<
FunctionCallsFunction;215;-1;count=1,maxLoopDepth=1,target=operator*
FunctionCallsFunction;215;-1;count=1,maxLoopDepth=1,target=operator*
FunctionCallsFunction;215;-1;count=1,maxLoopDepth=1,target="operator!="
FunctionCallsFunction;215;-1;count=1,maxLoopDepth=1,target=operator++
FunctionCallsFunction;215;-1;count=1,maxLoopDepth=1,target=end
FunctionCallsFunction;215;-1;count=1,maxLoopDepth=1,target=operator<<
FunctionCallsFunction;215;-1;count=1,maxLoopDepth=0,target=str
FunctionCallsFunction;195;222;count=1,maxLoopDepth=1,target=ascendCompound
FunctionCallsFunction;195;-1;count=1,maxLoopDepth=1,target=begin
FunctionCallsFunction;195;-1;count=1,maxLoopDepth=1,target="operator!="
FunctionCallsFunction;195;-1;count=1,maxLoopDepth=1,target=end
FunctionCallsFunction;195;-1;count=1,maxLoopDepth=1,target=operator++
FunctionCallsFunction;195;-1;count=1,maxLoopDepth=2,target=top
FunctionCallsFunction;195;-1;count=1,maxLoopDepth=2,target=operator*
FunctionCallsFunction;195;-1;count=1,maxLoopDepth=2,target=pop
FunctionCallsFunction;195;-1;count=1,maxLoopDepth=2,target=operator*
FunctionCallsFunction;195;-1;count=1,maxLoopDepth=0,target=basic_string
FunctionCallsFunction;195;-1;count=1,maxLoopDepth=0,target=clang_getCString
FunctionCallsFunction;195;-1;count=1,maxLoopDepth=0,target=clang_getCursorKindSpelling
FunctionCallsFunction;195;-1;count=1,maxLoopDepth=0,target=basic_string
FunctionCallsFunction;195;-1;count=1,maxLoopDepth=0,target=clang_getCString
FunctionCallsFunction;195;-1;count=1,maxLoopDepth=0,target=clang_getCursorDisplayName
FunctionCallsFunction;195;-1;count=1,maxLoopDepth=0,target="operator!="
FunctionCallsFunction;195;-1;count=1,maxLoopDepth=0,target=find
FunctionCallsFunction;195;-1;count=1,maxLoopDepth=0,target=end
FunctionCallsFunction;195;175;count=5,maxLoopDepth=0,target=print
FunctionCallsFunction;195;-1;count=1,maxLoopDepth=0,target=operator+
FunctionCallsFunction;195;-1;count=1,maxLoopDepth=0,target=basic_string
FunctionCallsFunction;195;-1;count=1,maxLoopDepth=0,target=push
FunctionCallsFunction;195;-1;count=1,maxLoopDepth=0,target=operator[]
FunctionCallsFunction;195;224;count=1,maxLoopDepth=0,target=getCompoundDepth
FunctionCallsFunction;195;205;count=1,maxLoopDepth=0,target=getNodes
FunctionCallsFunction;195;208;count=1,maxLoopDepth=0,target=filterByType
FunctionCallsFunction;195;206;count=1,maxLoopDepth=0,target=filterBySource
FunctionCallsFunction;195;209;count=1,maxLoopDepth=0,target=filterByArg
FunctionCallsFunction;195;-1;count=1,maxLoopDepth=0,target=size
FunctionCallsFunction;195;-1;count=1,maxLoopDepth=0,target="operator!="
FunctionCallsFunction;195;-1;count=1,maxLoopDepth=0,target=find
FunctionCallsFunction;195;-1;count=1,maxLoopDepth=0,target=operator[]
FunctionCallsFunction;195;-1;count=1,maxLoopDepth=0,target=basic_string
FunctionCallsFunction;195;-1;count=1,maxLoopDepth=0,target=basic_string
FunctionCallsFunction;195;-1;count=1,maxLoopDepth=0,target=push_back
FunctionCallsFunction;195;-1;count=1,maxLoopDepth=0,target=operator+
FunctionCallsFunction;195;-1;count=1,maxLoopDepth=0,target=operator+
FunctionCallsFunction;195;-1;count=1,maxLoopDepth=0,target=basic_string
FunctionCallsFunction;195;-1;count=1,maxLoopDepth=0,target=operator+
FunctionCallsFunction;195;-1;count=1,maxLoopDepth=0,target=basic_string
FunctionCallsFunction;205;-1;count=1,maxLoopDepth=0,target=set
FunctionCallsFunction;205;-1;count=1,maxLoopDepth=0,target=insert
FunctionCallsFunction;194;-1;count=1,maxLoopDepth=1,target=end
FunctionCallsFunction;194;-1;count=1,maxLoopDepth=1,target=operator*
FunctionCallsFunction;195;62;count=1,maxLoopDepth=0,target=t
FunctionCallsFunction;195;141;count=2,maxLoopDepth=0,target=getNode
FunctionCallsFunction;195;-1;count=1,maxLoopDepth=0,target=basic_string
FunctionCallsFunction;195;-1;count=1,maxLoopDepth=0,target=end
FunctionCallsFunction;195;-1;count=1,maxLoopDepth=0,target=top
FunctionCallsFunction;195;-1;count=1,maxLoopDepth=0,target=operator+
FunctionCallsFunction;195;116;count=1,maxLoopDepth=0,target=GlobalVariableAccessNode
FunctionCallsFunction;195;-1;count=1,maxLoopDepth=0,target=basic_stringstream
FunctionCallsFunction;195;-1;count=1,maxLoopDepth=0,target=operator<<
FunctionCallsFunction;195;217;count=1,maxLoopDepth=0,target=setArg
FunctionCallsFunction;195;-1;count=1,maxLoopDepth=0,target=str
FunctionCallsFunction;195;-1;count=1,maxLoopDepth=0,target=basic_string
FunctionCallsFunction;195;-1;count=1,maxLoopDepth=0,target=operator+
FunctionCallsFunction;195;-1;count=1,maxLoopDepth=0,target=operator+
FunctionCallsFunction;195;223;count=1,maxLoopDepth=0,target=descendCompound
FunctionCallsFunction;195;-1;count=1,maxLoopDepth=0,target=operator+
FunctionCallsFunction;195;-1;count=1,maxLoopDepth=0,target=operator+
FunctionCallsFunction;222;-1;count=1,maxLoopDepth=0,target=pop
FunctionCallsFunction;194;220;count=1,maxLoopDepth=0,target=endFunction
FunctionCallsFunction;222;225;count=1,maxLoopDepth=0,target=isWithinCurrentCompound
FunctionCallsFunction;205;-1;count=1,maxLoopDepth=0,target=begin
FunctionCallsFunction;205;-1;count=1,maxLoopDepth=0,target=end
FunctionCallsFunction;194;-1;count=1,maxLoopDepth=1,target=begin
FunctionCallsFunction;194;-1;count=1,maxLoopDepth=1,target="operator!="
FunctionCallsFunction;194;-1;count=1,maxLoopDepth=1,target=operator++
FunctionCallsFunction;194;-1;count=1,maxLoopDepth=2,target=__normal_iterator
FunctionCallsFunction;194;-1;count=1,maxLoopDepth=2,target=end
FunctionCallsFunction;194;-1;count=1,maxLoopDepth=2,target="operator!="
FunctionCallsFunction;194;-1;count=1,maxLoopDepth=2,target=operator*
FunctionCallsFunction;194;216;count=1,maxLoopDepth=2,target=getArg
FunctionCallsFunction;194;-1;count=1,maxLoopDepth=2,target=basic_string
FunctionCallsFunction;194;-1;count=1,maxLoopDepth=2,target=atoi
FunctionCallsFunction;194;-1;count=1,maxLoopDepth=2,target=c_str
FunctionCallsFunction;194;-1;count=1,maxLoopDepth=2,target=basic_stringstream
FunctionCallsFunction;194;-1;count=1,maxLoopDepth=2,target=operator<<
FunctionCallsFunction;194;217;count=1,maxLoopDepth=2,target=setArg
FunctionCallsFunction;194;-1;count=1,maxLoopDepth=2,target=basic_string
FunctionCallsFunction;194;-1;count=1,maxLoopDepth=2,target=str
FunctionCallsFunction;194;-1;count=1,maxLoopDepth=2,target=erase
FunctionCallsFunction;194;-1;count=1,maxLoopDepth=2,target=__normal_iterator
FunctionCallsFunction;194;-1;count=1,maxLoopDepth=2,target=operator++
FunctionCallsFunction;194;-1;count=1,maxLoopDepth=1,target=begin
FunctionCallsFunction;194;-1;count=1,maxLoopDepth=1,target="operator!="
FunctionCallsFunction;194;-1;count=1,maxLoopDepth=1,target=operator++
FunctionCallsFunction;194;-1;count=1,maxLoopDepth=1,target=operator*
FunctionCallsFunction;211;-1;count=1,maxLoopDepth=0,target="operator="
FunctionCallsFunction;206;-1;count=1,target="operator!="
FunctionCallsFunction;206;-1;count=1,target=operator++
FunctionCallsFunction;194;-1;count=1,maxLoopDepth=1,target=end
FunctionCallsFunction;194;204;count=1,maxLoopDepth=1,target=add
FunctionCallsFunction;206;-1;count=1,target=set
FunctionCallsFunction;206;-1;count=1,target=begin
FunctionCallsFunction;206;-1;count=1,target=end
FunctionCallsFunction;206;-1;count=1,target=operator*
FunctionCallsFunction;206;-1;count=1,target=insert
FunctionCallsFunction;206;-1;count=1,target=operator*
FunctionCallsFunction;206;-1;count=1,target=swap
FunctionCallsFunction;197;220;count=1,maxLoopDepth=0,target=endFunction
FunctionCallsFunction;209;-1;count=1,maxLoopDepth=0,target=set
FunctionCallsFunction;209;-1;count=1,maxLoopDepth=1,target=begin
FunctionCallsFunction;209;-1;count=1,maxLoopDepth=1,target="operator!="
FunctionCallsFunction;209;-1;count=1,maxLoopDepth=1,target=end
FunctionCallsFunction;209;-1;count=1,maxLoopDepth=1,target=operator++
FunctionCallsFunction;209;-1;count=1,maxLoopDepth=1,target="operator=="
FunctionCallsFunction;209;216;count=1,maxLoopDepth=1,target=getArg
FunctionCallsFunction;209;-1;count=1,maxLoopDepth=1,target=operator*
FunctionCallsFunction;209;-1;count=1,maxLoopDepth=1,target=insert
FunctionCallsFunction;209;-1;count=1,maxLoopDepth=1,target=swap
FunctionCallsFunction;209;-1;count=1,maxLoopDepth=1,target=operator*
FunctionCallsFunction;225;-1;count=1,maxLoopDepth=0,target=clang_getCursorLocation
FunctionCallsFunction;225;-1;count=1,maxLoopDepth=0,target=empty
FunctionCallsFunction;225;-1;count=1,maxLoopDepth=0,target=clang_getPresumedLocation
FunctionCallsFunction;225;-1;count=1,maxLoopDepth=0,target=top
FunctionCallsFunction;225;-1;count=1,maxLoopDepth=0,target=clang_getPresumedLocation
FunctionCallsFunction;226;-1;count=1,maxLoopDepth=0,target="operator="
FunctionCallsFunction;226;-1;count=1,maxLoopDepth=0,target=operator+
FunctionCallsFunction;226;216;count=2,maxLoopDepth=0,target=getArg
FunctionCallsFunction;226;-1;count=1,maxLoopDepth=0,target=basic_string
FunctionCallsFunction;226;-1;count=1,maxLoopDepth=0,target=basic_string
FunctionCallsFunction;227;229;count=1,maxLoopDepth=0,target=get
FunctionCallsFunction;227;228;count=1,maxLoopDepth=0,target=set
FunctionCallsFunction;217;-1;count=1,maxLoopDepth=0,target=find
FunctionCallsFunction;217;-1;count=1,maxLoopDepth=0,target=append
FunctionCallsFunction;217;-1;count=1,maxLoopDepth=0,target=operator[]
FunctionCallsFunction;218;-1;count=1,maxLoopDepth=0,target=vector
FunctionCallsFunction;217;-1;count=1,maxLoopDepth=0,target=basic_string
FunctionCallsFunction;217;-1;count=1,maxLoopDepth=0,target=insert
FunctionCallsFunction;217;-1;count=1,maxLoopDepth=0,target="operator="
FunctionCallsFunction;218;231;count=2,maxLoopDepth=1,target=strSplit
FunctionCallsFunction;218;-1;count=1,maxLoopDepth=1,target=begin
FunctionCallsFunction;218;-1;count=1,maxLoopDepth=1,target="operator!="
FunctionCallsFunction;218;-1;count=1,maxLoopDepth=1,target=end
FunctionCallsFunction;218;-1;count=1,maxLoopDepth=1,target=operator++
FunctionCallsFunction;218;-1;count=1,maxLoopDepth=1,target=vector
FunctionCallsFunction;218;-1;count=1,maxLoopDepth=1,target=operator*
FunctionCallsFunction;218;-1;count=1,maxLoopDepth=2,target=begin
FunctionCallsFunction;218;-1;count=1,maxLoopDepth=2,target="operator!="
FunctionCallsFunction;218;-1;count=1,maxLoopDepth=2,target=end
FunctionCallsFunction;218;175;count=1,maxLoopDepth=2,target=print
FunctionCallsFunction;218;-1;count=1,maxLoopDepth=2,target=operator+
FunctionCallsFunction;218;-1;count=1,maxLoopDepth=2,target=operator+
FunctionCallsFunction;218;-1;count=1,maxLoopDepth=2,target=operator+
FunctionCallsFunction;218;-1;count=1,maxLoopDepth=2,target=basic_string
FunctionCallsFunction;218;-1;count=1,maxLoopDepth=2,target=operator*
FunctionCallsFunction;218;-1;count=1,maxLoopDepth=2,target=operator*
FunctionCallsFunction;218;-1;count=1,maxLoopDepth=2,target=basic_string
FunctionCallsFunction;218;-1;count=1,maxLoopDepth=2,target=operator*
FunctionCallsFunction;218;-1;count=1,maxLoopDepth=2,target=basic_string
FunctionCallsFunction;218;-1;count=1,maxLoopDepth=2,target=operator++
FunctionCallsFunction;218;-1;count=1,maxLoopDepth=2,target="operator!="
FunctionCallsFunction;218;-1;count=1,maxLoopDepth=2,target=end
FunctionCallsFunction;218;-1;count=1,maxLoopDepth=2,target="operator="
FunctionCallsFunction;218;-1;count=1,maxLoopDepth=2,target=operator*
FunctionCallsFunction;218;-1;count=1,maxLoopDepth=2,target="operator="
FunctionCallsFunction;218;-1;count=1,maxLoopDepth=2,target=operator[]
FunctionCallsFunction;216;-1;count=1,maxLoopDepth=0,target="operator=="
FunctionCallsFunction;216;-1;count=1,maxLoopDepth=0,target=find
FunctionCallsFunction;216;-1;count=1,maxLoopDepth=0,target=end
FunctionCallsFunction;216;-1;count=1,maxLoopDepth=0,target=basic_string
FunctionCallsFunction;216;-1;count=1,maxLoopDepth=0,target=basic_string
FunctionCallsFunction;216;-1;count=1,maxLoopDepth=0,target=operator[]
FunctionCallsFunction;216;-1;count=1,maxLoopDepth=0,target=operator[]
FunctionCallsFunction;216;-1;count=1,maxLoopDepth=0,target=operator[]
FunctionCallsFunction;216;-1;count=1,maxLoopDepth=0,target=length
FunctionCallsFunction;216;-1;count=1,maxLoopDepth=0,target=erase
FunctionCallsFunction;216;-1;count=1,maxLoopDepth=0,target=erase
FunctionCallsFunction;216;-1;count=1,maxLoopDepth=0,target=length
ClassContainsMethod;139;182;class=Extractor,name=getClangArgs,size=3
ClassContainsMethod;91;171;class=CSVFile,name=writeLine,size=2
ClassContainsMethod;91;168;class=CSVFile,name=setName,size=0
ClassContainsMethod;91;169;class=CSVFile,name=close,size=0
ClassContainsMethod;88;164;class=Config,name=readFile,size=10
ClassContainsMethod;88;157;class=Config,name=Config,size=0
ClassContainsMethod;88;159;class=Config,name=~Config,size=0
ClassContainsMethod;91;170;class=CSVFile,name=getLine,size=4
ClassContainsMethod;96;174;class=Debug,name=print,size=0
ClassContainsMethod;96;173;class=Debug,name=print,size=1
FileDeclaresVariable;20;172;name=myLevel
ClassContainsMethod;96;176;class=Debug,name=setLevel,size=0
ClassContainsMethod;139;180;class=Extractor,name=functionVisitor,size=2
ClassContainsMethod;139;181;class=Extractor,name=getFilename,size=1
ClassContainsMethod;139;177;class=Extractor,name=extractDeclarations,size=1
ClassContainsMethod;139;178;class=Extractor,name=parseFunction,size=2
ClassContainsMethod;139;179;class=Extractor,name=declarationsVisitor,size=11
ClassContainsAttribute;113;190;class=VarDecl,name=varName
ClassContainsMethod;125;200;class=Model,name=Model,size=0
ClassContainsMethod;111;187;class=FunctionSizeParser,name=endFunction,size=0
ClassContainsMethod;123;196;class=LoopdepthParser,name=startFunction,size=0
ClassContainsMethod;111;188;class=FunctionSizeParser,name=parse,size=8
FileDeclaresClass;24;189;name=VarDecl
ClassContainsMethod;123;198;class=LoopdepthParser,name=parse,size=5
ClassContainsMethod;125;201;class=Model,name=~Model,size=0
ClassContainsMethod;125;202;class=Model,name=populate,size=3
ClassContainsMethod;125;210;class=Model,name=debugPrint,size=2
ClassContainsMethod;111;186;class=FunctionSizeParser,name=startFunction,size=0
ClassContainsMethod;107;183;class=FunctionCallParser,name=startFunction,size=0
ClassContainsMethod;125;204;class=Model,name=add,size=0
ClassContainsMethod;125;208;class=Model,name=filterByType,size=2
ClassContainsMethod;125;207;class=Model,name=filterByTarget,size=2
ClassContainsMethod;125;199;class=Model,name=Model,size=0
ClassContainsMethod;125;203;class=Model,name=save,size=1
ClassContainsAttribute;113;192;class=VarDecl,name=depth
ClassContainsAttribute;113;191;class=VarDecl,name=id
ClassContainsMethod;118;193;class=GVAccessParser,name=startFunction,size=1
ClassContainsMethod;126;214;class=ModelNode,name=operator<,size=1
ClassContainsMethod;126;215;class=ModelNode,name=toString,size=2
ClassContainsMethod;118;195;class=GVAccessParser,name=parse,size=23
ClassContainsMethod;145;222;class=Parser,name=ascendCompound,size=2
ClassContainsMethod;125;205;class=Model,name=getNodes,size=0
ClassContainsMethod;118;194;class=GVAccessParser,name=endFunction,size=4
ClassContainsMethod;125;206;class=Model,name=filterBySource,size=2
ClassContainsMethod;126;211;class=ModelNode,name=ModelNode,size=0
ClassContainsMethod;123;197;class=LoopdepthParser,name=endFunction,size=0
ClassContainsMethod;125;209;class=Model,name=filterByArg,size=2
ClassContainsMethod;145;225;class=Parser,name=isWithinCurrentCompound,size=4
ClassContainsMethod;140;226;class=ParserData,name=ParserData,size=0
ClassContainsMethod;140;227;class=ParserData,name=add,size=1
ClassContainsMethod;145;219;class=Parser,name=startFunction,size=0
ClassContainsMethod;145;220;class=Parser,name=endFunction,size=0
ClassContainsMethod;126;217;class=ModelNode,name=setArg,size=1
ClassContainsMethod;126;218;class=ModelNode,name=parseArgs,size=3
ClassContainsMethod;145;221;class=Parser,name=parse,size=31
ClassContainsMethod;126;216;class=ModelNode,name=getArg,size=2
ClassContainsMethod;145;223;class=Parser,name=descendCompound,size=0
ClassContainsMethod;145;224;class=Parser,name=getCompoundDepth,size=0
ClassContainsMethod;126;212;class=ModelNode,name=ModelNode,size=0
ClassContainsMethod;126;213;class=ModelNode,name=~ModelNode,size=0
ClassContainsMethod;150;234;class=StringStuff,name=lrtrim,size=0
ClassContainsMethod;150;233;class=StringStuff,name=ltrim,size=0
ClassContainsMethod;150;232;class=StringStuff,name=rtrim,size=0
ClassContainsMethod;150;231;class=StringStuff,name=strSplit,size=5
ClassContainsMethod;140;230;class=ParserData,name=getFilename,size=0
ClassContainsMethod;140;229;class=ParserData,name=get,size=1
ClassContainsMethod;140;228;class=ParserData,name=set,size=0
FunctionCallsFunction;29;205;count=1,maxLoopDepth=0,target=getNodes
FunctionCallsFunction;29;-1;count=1,maxLoopDepth=0,target=size
FunctionCallsFunction;29;-1;count=1,maxLoopDepth=0,target=basic_string
FunctionCallsFunction;29;-1;count=1,maxLoopDepth=0,target=vector
FunctionCallsFunction;29;-1;count=1,maxLoopDepth=1,target="operator!="
FunctionCallsFunction;29;36;count=1,maxLoopDepth=0,target=ProjectNode
FunctionCallsFunction;29;160;count=2,maxLoopDepth=0,target=get
FunctionCallsFunction;29;-1;count=1,maxLoopDepth=0,target=basic_string
FunctionCallsFunction;29;208;count=1,maxLoopDepth=0,target=filterByType
FunctionCallsFunction;29;204;count=2,maxLoopDepth=1,target=add
FunctionCallsFunction;29;162;count=1,maxLoopDepth=0,target=getList
FunctionCallsFunction;29;-1;count=1,maxLoopDepth=0,target=basic_string
FunctionCallsFunction;29;-1;count=1,maxLoopDepth=1,target=begin
FunctionCallsFunction;29;-1;count=1,maxLoopDepth=1,target=end
FunctionCallsFunction;29;-1;count=1,maxLoopDepth=1,target=operator++
FunctionCallsFunction;29;39;count=1,maxLoopDepth=1,target=FileNode
FunctionCallsFunction;29;-1;count=1,maxLoopDepth=1,target=operator*
FunctionCallsFunction;30;205;count=1,target=getNodes
FunctionCallsFunction;30;61;count=1,target=t
FunctionCallsFunction;30;-1;count=1,target="operator!="
FunctionCallsFunction;30;-1;count=1,target=operator++
FunctionCallsFunction;30;177;count=1,target=extractDeclarations
FunctionCallsFunction;30;208;count=1,target=filterByType
FunctionCallsFunction;30;98;count=1,target=Extractor
FunctionCallsFunction;30;-1;count=1,target=begin
FunctionCallsFunction;30;-1;count=1,target=end
FunctionCallsFunction;30;-1;count=1,target=operator*
FunctionCallsFunction;31;205;count=1,target=getNodes
FunctionCallsFunction;31;-1;count=1,target=begin
FunctionCallsFunction;31;-1;count=1,target="operator!="
FunctionCallsFunction;31;-1;count=1,target=end
FunctionCallsFunction;31;-1;count=1,target=operator++
FunctionCallsFunction;31;-1;count=1,target=operator*
FunctionCallsFunction;31;-1;count=1,target=operator*
FunctionCallsFunction;31;175;count=2,target=print
FunctionCallsFunction;31;-1;count=1,target=operator+
FunctionCallsFunction;31;-1;count=1,target=basic_string
FunctionCallsFunction;31;215;count=2,target=toString
FunctionCallsFunction;31;-1;count=1,target=operator*
FunctionCallsFunction;31;132;count=1,target=findMissing
FunctionCallsFunction;31;-1;count=1,target=operator*
FunctionCallsFunction;31;-1;count=1,target=operator*
FunctionCallsFunction;31;-1;count=1,target=operator*
FunctionCallsFunction;31;-1;count=1,target=operator+
FunctionCallsFunction;31;-1;count=1,target=basic_string
FunctionCallsFunction;31;-1;count=1,target=operator*
FunctionCallsFunction;32;208;count=2,target=filterByType
FunctionCallsFunction;32;66;count=1,target=t
FunctionCallsFunction;32;175;count=2,target=print
FunctionCallsFunction;32;205;count=2,target=getNodes
FunctionCallsFunction;32;62;count=1,target=t
FunctionCallsFunction;32;98;count=1,target=Extractor
FunctionCallsFunction;32;-1;count=1,target="operator!="
FunctionCallsFunction;32;-1;count=1,target=operator++
FunctionCallsFunction;32;-1;count=1,target=begin
FunctionCallsFunction;32;-1;count=1,target=end
FunctionCallsFunction;32;178;count=2,target=parseFunction
FunctionCallsFunction;32;-1;count=1,target=operator*
FunctionCallsFunction;32;-1;count=1,target="operator!="
FunctionCallsFunction;32;-1;count=1,target=end
FunctionCallsFunction;32;-1;count=1,target=begin
FunctionCallsFunction;32;-1;count=1,target=operator++
FunctionCallsFunction;32;-1;count=1,target=operator*
FunctionCallsFunction;33;158;count=1,target=Config
FunctionCallsFunction;33;200;count=1,target=Model
FunctionCallsFunction;33;176;count=1,target=setLevel
FunctionCallsFunction;33;161;count=1,target=getInt
FunctionCallsFunction;33;-1;count=1,target=basic_string
FunctionCallsFunction;33;175;count=12,target=print
FunctionCallsFunction;33;-1;count=1,target=operator+
FunctionCallsFunction;33;165;count=1,target=debugPrint
FunctionCallsFunction;33;-1;count=1,target=set
FunctionCallsFunction;33;-1;count=1,target=getParsers
FunctionCallsFunction;33;-1;count=1,target="operator=="
FunctionCallsFunction;33;160;count=4,target=get
FunctionCallsFunction;33;29;count=1,target=addBasics
FunctionCallsFunction;33;30;count=1,target=addDeclarations
FunctionCallsFunction;33;31;count=1,target=secondPass
FunctionCallsFunction;33;32;count=1,target=startParsing
FunctionCallsFunction;33;-1;count=1,target=basic_string
FunctionCallsFunction;33;202;count=1,target=populate
FunctionCallsFunction;33;-1;count=1,target=basic_string
FunctionCallsFunction;33;-1;count=1,target="operator!="
FunctionCallsFunction;33;-1;count=1,target=basic_string
FunctionCallsFunction;33;203;count=1,target=save
FunctionCallsFunction;33;-1;count=1,target=basic_string
FunctionCallsFunction;33;-1;count=1,target=basic_string
FunctionCallsFunction;33;-1;count=1,target=operator+
FunctionCallsFunction;33;-1;count=1,target=basic_string
FunctionCallsFunction;79;70;count=1,maxLoopDepth=0,target=t
FunctionCallsFunction;79;-1;count=1,maxLoopDepth=0,target=basic_string
FunctionCallsFunction;86;72;count=1,maxLoopDepth=0,target=t
FunctionCallsFunction;86;-1;count=1,maxLoopDepth=0,target=basic_string
FunctionCallsFunction;82;71;count=1,maxLoopDepth=0,target=t
FunctionCallsFunction;82;-1;count=1,maxLoopDepth=0,target=basic_string
FunctionCallsFunction;79;-1;count=1,maxLoopDepth=0,target="operator="
FunctionCallsFunction;79;217;count=1,maxLoopDepth=0,target=setArg
FunctionCallsFunction;86;-1;count=1,maxLoopDepth=0,target="operator="
FunctionCallsFunction;86;217;count=1,maxLoopDepth=0,target=setArg
FunctionCallsFunction;82;217;count=1,maxLoopDepth=0,target=setArg
FunctionCallsFunction;156;-1;count=1,maxLoopDepth=1,target="operator!="
FunctionCallsFunction;82;-1;count=1,maxLoopDepth=0,target="operator="
FunctionCallsFunction;156;-1;count=1,maxLoopDepth=1,target=begin
FunctionCallsFunction;156;-1;count=1,maxLoopDepth=1,target=end
FunctionCallsFunction;156;-1;count=1,maxLoopDepth=1,target=operator++
FunctionCallsFunction;156;-1;count=1,maxLoopDepth=1,target=operator*
FunctionCallsFunction;185;-1;count=1,maxLoopDepth=0,target=basic_string
FunctionCallsFunction;185;-1;count=1,maxLoopDepth=0,target=clang_getCString
FunctionCallsFunction;185;-1;count=1,maxLoopDepth=0,target=clang_getCursorDisplayName
FunctionCallsFunction;185;-1;count=1,maxLoopDepth=0,target=basic_string
FunctionCallsFunction;185;-1;count=1,maxLoopDepth=0,target=clang_getCString
FunctionCallsFunction;185;-1;count=1,maxLoopDepth=0,target=clang_getCursorDisplayName
FunctionCallsFunction;185;175;count=5,maxLoopDepth=0,target=print
FunctionCallsFunction;185;-1;count=1,maxLoopDepth=0,target=basic_string
FunctionCallsFunction;223;-1;count=1,maxLoopDepth=0,target=clang_getCursorExtent
FunctionCallsFunction;223;-1;count=1,maxLoopDepth=0,target=push
FunctionCallsFunction;223;-1;count=1,maxLoopDepth=0,target=clang_getRangeEnd
FunctionCallsFunction;212;-1;count=1,maxLoopDepth=0,target=basic_string
FunctionCallsFunction;212;-1;count=1,maxLoopDepth=0,target="operator="
FunctionCallsFunction;212;218;count=1,maxLoopDepth=0,target=parseArgs
FunctionCallsFunction;213;175;count=1,maxLoopDepth=0,target=print
FunctionCallsFunction;213;-1;count=1,maxLoopDepth=0,target=operator+
FunctionCallsFunction;213;-1;count=1,maxLoopDepth=0,target=basic_string
FunctionCallsFunction;213;215;count=1,maxLoopDepth=0,target=toString
FunctionCallsFunction;234;-1;count=1,maxLoopDepth=0,target=basic_string
FunctionCallsFunction;234;233;count=1,maxLoopDepth=0,target=ltrim
FunctionCallsFunction;234;232;count=1,maxLoopDepth=0,target=rtrim
FunctionCallsFunction;233;-1;count=1,maxLoopDepth=0,target=basic_string
FunctionCallsFunction;233;-1;count=1,maxLoopDepth=0,target=substr
FunctionCallsFunction;233;-1;count=1,maxLoopDepth=0,target=find_first_not_of
FunctionCallsFunction;232;-1;count=1,maxLoopDepth=0,target=basic_string
FunctionCallsFunction;232;-1;count=1,maxLoopDepth=0,target=substr
FunctionCallsFunction;232;-1;count=1,maxLoopDepth=0,target=find_last_not_of
FunctionCallsFunction;231;175;count=1,maxLoopDepth=0,target=print
FunctionCallsFunction;231;-1;count=1,maxLoopDepth=0,target=operator+
FunctionCallsFunction;231;-1;count=1,maxLoopDepth=0,target=find_first_of
FunctionCallsFunction;231;-1;count=1,maxLoopDepth=0,target=find_first_of
FunctionCallsFunction;231;-1;count=1,maxLoopDepth=0,target=basic_string
FunctionCallsFunction;231;-1;count=1,maxLoopDepth=0,target=find_first_of
FunctionCallsFunction;231;-1;count=1,maxLoopDepth=1,target=substr
FunctionCallsFunction;231;-1;count=1,maxLoopDepth=1,target=push_back
FunctionCallsFunction;231;234;count=2,maxLoopDepth=1,target=lrtrim
FunctionCallsFunction;231;-1;count=1,maxLoopDepth=1,target=find_first_of
FunctionCallsFunction;231;-1;count=1,maxLoopDepth=1,target=find_first_of
FunctionCallsFunction;231;-1;count=1,maxLoopDepth=1,target=find_first_of
FunctionCallsFunction;231;-1;count=1,maxLoopDepth=0,target=length
FunctionCallsFunction;231;-1;count=1,maxLoopDepth=0,target=push_back
FunctionCallsFunction;231;-1;count=1,maxLoopDepth=0,target=substr
FunctionCallsFunction;229;-1;count=1,maxLoopDepth=0,target="operator=="
FunctionCallsFunction;229;-1;count=1,maxLoopDepth=0,target=end
FunctionCallsFunction;228;-1;count=1,maxLoopDepth=0,target=operator[]
FunctionCallsFunction;230;-1;count=1,maxLoopDepth=0,target=basic_string
FunctionCallsFunction;229;-1;count=1,maxLoopDepth=0,target=find
FunctionCallsFunction;229;-1;count=1,maxLoopDepth=0,target=operator[]
